ticket_id,description,category,resolution
INC-3001,Payroll batch job failed overnight with database timeout,Application,Restart payroll scheduler and increase database connection pool
INC-3002,Order management API returns HTTP 500 during checkout,Application,Rollback failed deployment and clear stuck application queue
INC-3003,Invoice upload screen freezes after attaching PDF file,Application,Patch document parser service and retry upload
INC-3004,Inventory sync job delayed between SAP and warehouse system,Application,Replay failed integration messages from middleware queue
INC-300001,the payroll batch job failed overnight with a timeout error,Application,Increase the timeout threshold and restart the payroll batch job
INC-300002,the payroll batch job failed during month-end close with a timeout error,Application,Increase the timeout threshold and restart the payroll batch job
INC-300003,the payroll batch job failed during peak traffic with a timeout error,Application,Increase the timeout threshold and restart the payroll batch job
INC-300004,the payroll batch job failed right after a deployment with a timeout error,Application,Increase the timeout threshold and restart the payroll batch job
INC-300005,the payroll batch job failed during a scheduled failover with a timeout error,Application,Increase the timeout threshold and restart the payroll batch job
INC-300006,the payroll batch job failed during the nightly batch window with a timeout error,Application,Increase the timeout threshold and restart the payroll batch job
INC-300007,the payroll batch job failed during quarter close with a timeout error,Application,Increase the timeout threshold and restart the payroll batch job
INC-300008,the payroll batch job failed during a marketing campaign with a timeout error,Application,Increase the timeout threshold and restart the payroll batch job
INC-300009,the payroll batch job failed during a schema migration with a timeout error,Application,Increase the timeout threshold and restart the payroll batch job
INC-300010,the payroll batch job failed while syncing with a partner system with a timeout error,Application,Increase the timeout threshold and restart the payroll batch job
INC-300011,the order management API failed overnight with a timeout error,Application,Increase the timeout threshold and restart the order management API
INC-300012,the order management API failed during month-end close with a timeout error,Application,Increase the timeout threshold and restart the order management API
INC-300013,the order management API failed during peak traffic with a timeout error,Application,Increase the timeout threshold and restart the order management API
INC-300014,the order management API failed right after a deployment with a timeout error,Application,Increase the timeout threshold and restart the order management API
INC-300015,the order management API failed during a scheduled failover with a timeout error,Application,Increase the timeout threshold and restart the order management API
INC-300016,the order management API failed during the nightly batch window with a timeout error,Application,Increase the timeout threshold and restart the order management API
INC-300017,the order management API failed during quarter close with a timeout error,Application,Increase the timeout threshold and restart the order management API
INC-300018,the order management API failed during a marketing campaign with a timeout error,Application,Increase the timeout threshold and restart the order management API
INC-300019,the order management API failed during a schema migration with a timeout error,Application,Increase the timeout threshold and restart the order management API
INC-300020,the order management API failed while syncing with a partner system with a timeout error,Application,Increase the timeout threshold and restart the order management API
INC-300021,the inventory sync service failed overnight with a timeout error,Application,Increase the timeout threshold and restart the inventory sync service
INC-300022,the inventory sync service failed during month-end close with a timeout error,Application,Increase the timeout threshold and restart the inventory sync service
INC-300023,the inventory sync service failed during peak traffic with a timeout error,Application,Increase the timeout threshold and restart the inventory sync service
INC-300024,the inventory sync service failed right after a deployment with a timeout error,Application,Increase the timeout threshold and restart the inventory sync service
INC-300025,the inventory sync service failed during a scheduled failover with a timeout error,Application,Increase the timeout threshold and restart the inventory sync service
INC-300026,the inventory sync service failed during the nightly batch window with a timeout error,Application,Increase the timeout threshold and restart the inventory sync service
INC-300027,the inventory sync service failed during quarter close with a timeout error,Application,Increase the timeout threshold and restart the inventory sync service
INC-300028,the inventory sync service failed during a marketing campaign with a timeout error,Application,Increase the timeout threshold and restart the inventory sync service
INC-300029,the inventory sync service failed during a schema migration with a timeout error,Application,Increase the timeout threshold and restart the inventory sync service
INC-300030,the inventory sync service failed while syncing with a partner system with a timeout error,Application,Increase the timeout threshold and restart the inventory sync service
INC-300031,the reporting pipeline failed overnight with a timeout error,Application,Increase the timeout threshold and restart the reporting pipeline
INC-300032,the reporting pipeline failed during month-end close with a timeout error,Application,Increase the timeout threshold and restart the reporting pipeline
INC-300033,the reporting pipeline failed during peak traffic with a timeout error,Application,Increase the timeout threshold and restart the reporting pipeline
INC-300034,the reporting pipeline failed right after a deployment with a timeout error,Application,Increase the timeout threshold and restart the reporting pipeline
INC-300035,the reporting pipeline failed during a scheduled failover with a timeout error,Application,Increase the timeout threshold and restart the reporting pipeline
INC-300036,the reporting pipeline failed during the nightly batch window with a timeout error,Application,Increase the timeout threshold and restart the reporting pipeline
INC-300037,the reporting pipeline failed during quarter close with a timeout error,Application,Increase the timeout threshold and restart the reporting pipeline
INC-300038,the reporting pipeline failed during a marketing campaign with a timeout error,Application,Increase the timeout threshold and restart the reporting pipeline
INC-300039,the reporting pipeline failed during a schema migration with a timeout error,Application,Increase the timeout threshold and restart the reporting pipeline
INC-300040,the reporting pipeline failed while syncing with a partner system with a timeout error,Application,Increase the timeout threshold and restart the reporting pipeline
INC-300041,the ETL job failed overnight with a timeout error,Application,Increase the timeout threshold and restart the ETL job
INC-300042,the ETL job failed during month-end close with a timeout error,Application,Increase the timeout threshold and restart the ETL job
INC-300043,the ETL job failed during peak traffic with a timeout error,Application,Increase the timeout threshold and restart the ETL job
INC-300044,the ETL job failed right after a deployment with a timeout error,Application,Increase the timeout threshold and restart the ETL job
INC-300045,the ETL job failed during a scheduled failover with a timeout error,Application,Increase the timeout threshold and restart the ETL job
INC-300046,the ETL job failed during the nightly batch window with a timeout error,Application,Increase the timeout threshold and restart the ETL job
INC-300047,the ETL job failed during quarter close with a timeout error,Application,Increase the timeout threshold and restart the ETL job
INC-300048,the ETL job failed during a marketing campaign with a timeout error,Application,Increase the timeout threshold and restart the ETL job
INC-300049,the ETL job failed during a schema migration with a timeout error,Application,Increase the timeout threshold and restart the ETL job
INC-300050,the ETL job failed while syncing with a partner system with a timeout error,Application,Increase the timeout threshold and restart the ETL job
INC-300051,the CRM sync job failed overnight with a timeout error,Application,Increase the timeout threshold and restart the CRM sync job
INC-300052,the CRM sync job failed during month-end close with a timeout error,Application,Increase the timeout threshold and restart the CRM sync job
INC-300053,the CRM sync job failed during peak traffic with a timeout error,Application,Increase the timeout threshold and restart the CRM sync job
INC-300054,the CRM sync job failed right after a deployment with a timeout error,Application,Increase the timeout threshold and restart the CRM sync job
INC-300055,the CRM sync job failed during a scheduled failover with a timeout error,Application,Increase the timeout threshold and restart the CRM sync job
INC-300056,the CRM sync job failed during the nightly batch window with a timeout error,Application,Increase the timeout threshold and restart the CRM sync job
INC-300057,the CRM sync job failed during quarter close with a timeout error,Application,Increase the timeout threshold and restart the CRM sync job
INC-300058,the CRM sync job failed during a marketing campaign with a timeout error,Application,Increase the timeout threshold and restart the CRM sync job
INC-300059,the CRM sync job failed during a schema migration with a timeout error,Application,Increase the timeout threshold and restart the CRM sync job
INC-300060,the CRM sync job failed while syncing with a partner system with a timeout error,Application,Increase the timeout threshold and restart the CRM sync job
INC-300061,the invoicing service failed overnight with a timeout error,Application,Increase the timeout threshold and restart the invoicing service
INC-300062,the invoicing service failed during month-end close with a timeout error,Application,Increase the timeout threshold and restart the invoicing service
INC-300063,the invoicing service failed during peak traffic with a timeout error,Application,Increase the timeout threshold and restart the invoicing service
INC-300064,the invoicing service failed right after a deployment with a timeout error,Application,Increase the timeout threshold and restart the invoicing service
INC-300065,the invoicing service failed during a scheduled failover with a timeout error,Application,Increase the timeout threshold and restart the invoicing service
INC-300066,the invoicing service failed during the nightly batch window with a timeout error,Application,Increase the timeout threshold and restart the invoicing service
INC-300067,the invoicing service failed during quarter close with a timeout error,Application,Increase the timeout threshold and restart the invoicing service
INC-300068,the invoicing service failed during a marketing campaign with a timeout error,Application,Increase the timeout threshold and restart the invoicing service
INC-300069,the invoicing service failed during a schema migration with a timeout error,Application,Increase the timeout threshold and restart the invoicing service
INC-300070,the invoicing service failed while syncing with a partner system with a timeout error,Application,Increase the timeout threshold and restart the invoicing service
INC-300071,the e-commerce checkout flow failed overnight with a timeout error,Application,Increase the timeout threshold and restart the e-commerce checkout flow
INC-300072,the e-commerce checkout flow failed during month-end close with a timeout error,Application,Increase the timeout threshold and restart the e-commerce checkout flow
INC-300073,the e-commerce checkout flow failed during peak traffic with a timeout error,Application,Increase the timeout threshold and restart the e-commerce checkout flow
INC-300074,the e-commerce checkout flow failed right after a deployment with a timeout error,Application,Increase the timeout threshold and restart the e-commerce checkout flow
INC-300075,the e-commerce checkout flow failed during a scheduled failover with a timeout error,Application,Increase the timeout threshold and restart the e-commerce checkout flow
INC-300076,the e-commerce checkout flow failed during the nightly batch window with a timeout error,Application,Increase the timeout threshold and restart the e-commerce checkout flow
INC-300077,the e-commerce checkout flow failed during quarter close with a timeout error,Application,Increase the timeout threshold and restart the e-commerce checkout flow
INC-300078,the e-commerce checkout flow failed during a marketing campaign with a timeout error,Application,Increase the timeout threshold and restart the e-commerce checkout flow
INC-300079,the e-commerce checkout flow failed during a schema migration with a timeout error,Application,Increase the timeout threshold and restart the e-commerce checkout flow
INC-300080,the e-commerce checkout flow failed while syncing with a partner system with a timeout error,Application,Increase the timeout threshold and restart the e-commerce checkout flow
INC-300081,the mobile app backend failed overnight with a timeout error,Application,Increase the timeout threshold and restart the mobile app backend
INC-300082,the mobile app backend failed during month-end close with a timeout error,Application,Increase the timeout threshold and restart the mobile app backend
INC-300083,the mobile app backend failed during peak traffic with a timeout error,Application,Increase the timeout threshold and restart the mobile app backend
INC-300084,the mobile app backend failed right after a deployment with a timeout error,Application,Increase the timeout threshold and restart the mobile app backend
INC-300085,the mobile app backend failed during a scheduled failover with a timeout error,Application,Increase the timeout threshold and restart the mobile app backend
INC-300086,the mobile app backend failed during the nightly batch window with a timeout error,Application,Increase the timeout threshold and restart the mobile app backend
INC-300087,the mobile app backend failed during quarter close with a timeout error,Application,Increase the timeout threshold and restart the mobile app backend
INC-300088,the mobile app backend failed during a marketing campaign with a timeout error,Application,Increase the timeout threshold and restart the mobile app backend
INC-300089,the mobile app backend failed during a schema migration with a timeout error,Application,Increase the timeout threshold and restart the mobile app backend
INC-300090,the mobile app backend failed while syncing with a partner system with a timeout error,Application,Increase the timeout threshold and restart the mobile app backend
INC-300091,the integration middleware failed overnight with a timeout error,Application,Increase the timeout threshold and restart the integration middleware
INC-300092,the integration middleware failed during month-end close with a timeout error,Application,Increase the timeout threshold and restart the integration middleware
INC-300093,the integration middleware failed during peak traffic with a timeout error,Application,Increase the timeout threshold and restart the integration middleware
INC-300094,the integration middleware failed right after a deployment with a timeout error,Application,Increase the timeout threshold and restart the integration middleware
INC-300095,the integration middleware failed during a scheduled failover with a timeout error,Application,Increase the timeout threshold and restart the integration middleware
INC-300096,the integration middleware failed during the nightly batch window with a timeout error,Application,Increase the timeout threshold and restart the integration middleware
INC-300097,the integration middleware failed during quarter close with a timeout error,Application,Increase the timeout threshold and restart the integration middleware
INC-300098,the integration middleware failed during a marketing campaign with a timeout error,Application,Increase the timeout threshold and restart the integration middleware
INC-300099,the integration middleware failed during a schema migration with a timeout error,Application,Increase the timeout threshold and restart the integration middleware
INC-300100,the integration middleware failed while syncing with a partner system with a timeout error,Application,Increase the timeout threshold and restart the integration middleware
INC-300101,the ticketing system failed overnight with a timeout error,Application,Increase the timeout threshold and restart the ticketing system
INC-300102,the ticketing system failed during month-end close with a timeout error,Application,Increase the timeout threshold and restart the ticketing system
INC-300103,the ticketing system failed during peak traffic with a timeout error,Application,Increase the timeout threshold and restart the ticketing system
INC-300104,the ticketing system failed right after a deployment with a timeout error,Application,Increase the timeout threshold and restart the ticketing system
INC-300105,the ticketing system failed during a scheduled failover with a timeout error,Application,Increase the timeout threshold and restart the ticketing system
INC-300106,the ticketing system failed during the nightly batch window with a timeout error,Application,Increase the timeout threshold and restart the ticketing system
INC-300107,the ticketing system failed during quarter close with a timeout error,Application,Increase the timeout threshold and restart the ticketing system
INC-300108,the ticketing system failed during a marketing campaign with a timeout error,Application,Increase the timeout threshold and restart the ticketing system
INC-300109,the ticketing system failed during a schema migration with a timeout error,Application,Increase the timeout threshold and restart the ticketing system
INC-300110,the ticketing system failed while syncing with a partner system with a timeout error,Application,Increase the timeout threshold and restart the ticketing system
INC-300111,the notification service failed overnight with a timeout error,Application,Increase the timeout threshold and restart the notification service
INC-300112,the notification service failed during month-end close with a timeout error,Application,Increase the timeout threshold and restart the notification service
INC-300113,the notification service failed during peak traffic with a timeout error,Application,Increase the timeout threshold and restart the notification service
INC-300114,the notification service failed right after a deployment with a timeout error,Application,Increase the timeout threshold and restart the notification service
INC-300115,the notification service failed during a scheduled failover with a timeout error,Application,Increase the timeout threshold and restart the notification service
INC-300116,the notification service failed during the nightly batch window with a timeout error,Application,Increase the timeout threshold and restart the notification service
INC-300117,the notification service failed during quarter close with a timeout error,Application,Increase the timeout threshold and restart the notification service
INC-300118,the notification service failed during a marketing campaign with a timeout error,Application,Increase the timeout threshold and restart the notification service
INC-300119,the notification service failed during a schema migration with a timeout error,Application,Increase the timeout threshold and restart the notification service
INC-300120,the notification service failed while syncing with a partner system with a timeout error,Application,Increase the timeout threshold and restart the notification service
INC-300121,the document generation service failed overnight with a timeout error,Application,Increase the timeout threshold and restart the document generation service
INC-300122,the document generation service failed during month-end close with a timeout error,Application,Increase the timeout threshold and restart the document generation service
INC-300123,the document generation service failed during peak traffic with a timeout error,Application,Increase the timeout threshold and restart the document generation service
INC-300124,the document generation service failed right after a deployment with a timeout error,Application,Increase the timeout threshold and restart the document generation service
INC-300125,the document generation service failed during a scheduled failover with a timeout error,Application,Increase the timeout threshold and restart the document generation service
INC-300126,the document generation service failed during the nightly batch window with a timeout error,Application,Increase the timeout threshold and restart the document generation service
INC-300127,the document generation service failed during quarter close with a timeout error,Application,Increase the timeout threshold and restart the document generation service
INC-300128,the document generation service failed during a marketing campaign with a timeout error,Application,Increase the timeout threshold and restart the document generation service
INC-300129,the document generation service failed during a schema migration with a timeout error,Application,Increase the timeout threshold and restart the document generation service
INC-300130,the document generation service failed while syncing with a partner system with a timeout error,Application,Increase the timeout threshold and restart the document generation service
INC-300131,the scheduling engine failed overnight with a timeout error,Application,Increase the timeout threshold and restart the scheduling engine
INC-300132,the scheduling engine failed during month-end close with a timeout error,Application,Increase the timeout threshold and restart the scheduling engine
INC-300133,the scheduling engine failed during peak traffic with a timeout error,Application,Increase the timeout threshold and restart the scheduling engine
INC-300134,the scheduling engine failed right after a deployment with a timeout error,Application,Increase the timeout threshold and restart the scheduling engine
INC-300135,the scheduling engine failed during a scheduled failover with a timeout error,Application,Increase the timeout threshold and restart the scheduling engine
INC-300136,the scheduling engine failed during the nightly batch window with a timeout error,Application,Increase the timeout threshold and restart the scheduling engine
INC-300137,the scheduling engine failed during quarter close with a timeout error,Application,Increase the timeout threshold and restart the scheduling engine
INC-300138,the scheduling engine failed during a marketing campaign with a timeout error,Application,Increase the timeout threshold and restart the scheduling engine
INC-300139,the scheduling engine failed during a schema migration with a timeout error,Application,Increase the timeout threshold and restart the scheduling engine
INC-300140,the scheduling engine failed while syncing with a partner system with a timeout error,Application,Increase the timeout threshold and restart the scheduling engine
INC-300141,the payroll batch job crashed overnight due to a memory leak,Application,Deploy the patched release and restart the payroll batch job
INC-300142,the payroll batch job crashed during month-end close due to a memory leak,Application,Deploy the patched release and restart the payroll batch job
INC-300143,the payroll batch job crashed during peak traffic due to a memory leak,Application,Deploy the patched release and restart the payroll batch job
INC-300144,the payroll batch job crashed right after a deployment due to a memory leak,Application,Deploy the patched release and restart the payroll batch job
INC-300145,the payroll batch job crashed during a scheduled failover due to a memory leak,Application,Deploy the patched release and restart the payroll batch job
INC-300146,the payroll batch job crashed during the nightly batch window due to a memory leak,Application,Deploy the patched release and restart the payroll batch job
INC-300147,the payroll batch job crashed during quarter close due to a memory leak,Application,Deploy the patched release and restart the payroll batch job
INC-300148,the payroll batch job crashed during a marketing campaign due to a memory leak,Application,Deploy the patched release and restart the payroll batch job
INC-300149,the payroll batch job crashed during a schema migration due to a memory leak,Application,Deploy the patched release and restart the payroll batch job
INC-300150,the payroll batch job crashed while syncing with a partner system due to a memory leak,Application,Deploy the patched release and restart the payroll batch job
INC-300151,the order management API crashed overnight due to a memory leak,Application,Deploy the patched release and restart the order management API
INC-300152,the order management API crashed during month-end close due to a memory leak,Application,Deploy the patched release and restart the order management API
INC-300153,the order management API crashed during peak traffic due to a memory leak,Application,Deploy the patched release and restart the order management API
INC-300154,the order management API crashed right after a deployment due to a memory leak,Application,Deploy the patched release and restart the order management API
INC-300155,the order management API crashed during a scheduled failover due to a memory leak,Application,Deploy the patched release and restart the order management API
INC-300156,the order management API crashed during the nightly batch window due to a memory leak,Application,Deploy the patched release and restart the order management API
INC-300157,the order management API crashed during quarter close due to a memory leak,Application,Deploy the patched release and restart the order management API
INC-300158,the order management API crashed during a marketing campaign due to a memory leak,Application,Deploy the patched release and restart the order management API
INC-300159,the order management API crashed during a schema migration due to a memory leak,Application,Deploy the patched release and restart the order management API
INC-300160,the order management API crashed while syncing with a partner system due to a memory leak,Application,Deploy the patched release and restart the order management API
INC-300161,the inventory sync service crashed overnight due to a memory leak,Application,Deploy the patched release and restart the inventory sync service
INC-300162,the inventory sync service crashed during month-end close due to a memory leak,Application,Deploy the patched release and restart the inventory sync service
INC-300163,the inventory sync service crashed during peak traffic due to a memory leak,Application,Deploy the patched release and restart the inventory sync service
INC-300164,the inventory sync service crashed right after a deployment due to a memory leak,Application,Deploy the patched release and restart the inventory sync service
INC-300165,the inventory sync service crashed during a scheduled failover due to a memory leak,Application,Deploy the patched release and restart the inventory sync service
INC-300166,the inventory sync service crashed during the nightly batch window due to a memory leak,Application,Deploy the patched release and restart the inventory sync service
INC-300167,the inventory sync service crashed during quarter close due to a memory leak,Application,Deploy the patched release and restart the inventory sync service
INC-300168,the inventory sync service crashed during a marketing campaign due to a memory leak,Application,Deploy the patched release and restart the inventory sync service
INC-300169,the inventory sync service crashed during a schema migration due to a memory leak,Application,Deploy the patched release and restart the inventory sync service
INC-300170,the inventory sync service crashed while syncing with a partner system due to a memory leak,Application,Deploy the patched release and restart the inventory sync service
INC-300171,the reporting pipeline crashed overnight due to a memory leak,Application,Deploy the patched release and restart the reporting pipeline
INC-300172,the reporting pipeline crashed during month-end close due to a memory leak,Application,Deploy the patched release and restart the reporting pipeline
INC-300173,the reporting pipeline crashed during peak traffic due to a memory leak,Application,Deploy the patched release and restart the reporting pipeline
INC-300174,the reporting pipeline crashed right after a deployment due to a memory leak,Application,Deploy the patched release and restart the reporting pipeline
INC-300175,the reporting pipeline crashed during a scheduled failover due to a memory leak,Application,Deploy the patched release and restart the reporting pipeline
INC-300176,the reporting pipeline crashed during the nightly batch window due to a memory leak,Application,Deploy the patched release and restart the reporting pipeline
INC-300177,the reporting pipeline crashed during quarter close due to a memory leak,Application,Deploy the patched release and restart the reporting pipeline
INC-300178,the reporting pipeline crashed during a marketing campaign due to a memory leak,Application,Deploy the patched release and restart the reporting pipeline
INC-300179,the reporting pipeline crashed during a schema migration due to a memory leak,Application,Deploy the patched release and restart the reporting pipeline
INC-300180,the reporting pipeline crashed while syncing with a partner system due to a memory leak,Application,Deploy the patched release and restart the reporting pipeline
INC-300181,the ETL job crashed overnight due to a memory leak,Application,Deploy the patched release and restart the ETL job
INC-300182,the ETL job crashed during month-end close due to a memory leak,Application,Deploy the patched release and restart the ETL job
INC-300183,the ETL job crashed during peak traffic due to a memory leak,Application,Deploy the patched release and restart the ETL job
INC-300184,the ETL job crashed right after a deployment due to a memory leak,Application,Deploy the patched release and restart the ETL job
INC-300185,the ETL job crashed during a scheduled failover due to a memory leak,Application,Deploy the patched release and restart the ETL job
INC-300186,the ETL job crashed during the nightly batch window due to a memory leak,Application,Deploy the patched release and restart the ETL job
INC-300187,the ETL job crashed during quarter close due to a memory leak,Application,Deploy the patched release and restart the ETL job
INC-300188,the ETL job crashed during a marketing campaign due to a memory leak,Application,Deploy the patched release and restart the ETL job
INC-300189,the ETL job crashed during a schema migration due to a memory leak,Application,Deploy the patched release and restart the ETL job
INC-300190,the ETL job crashed while syncing with a partner system due to a memory leak,Application,Deploy the patched release and restart the ETL job
INC-300191,the CRM sync job crashed overnight due to a memory leak,Application,Deploy the patched release and restart the CRM sync job
INC-300192,the CRM sync job crashed during month-end close due to a memory leak,Application,Deploy the patched release and restart the CRM sync job
INC-300193,the CRM sync job crashed during peak traffic due to a memory leak,Application,Deploy the patched release and restart the CRM sync job
INC-300194,the CRM sync job crashed right after a deployment due to a memory leak,Application,Deploy the patched release and restart the CRM sync job
INC-300195,the CRM sync job crashed during a scheduled failover due to a memory leak,Application,Deploy the patched release and restart the CRM sync job
INC-300196,the CRM sync job crashed during the nightly batch window due to a memory leak,Application,Deploy the patched release and restart the CRM sync job
INC-1001,Unable to login to SAP after password reset,Authentication,Reset Active Directory cache and resync SAP identity profile
INC-1002,User account locked after multiple failed Okta MFA attempts,Authentication,Unlock Okta account and re-enroll MFA device
INC-1003,Single sign on fails for HR portal after password change,Authentication,Refresh SSO token and clear browser session
INC-1004,New employee cannot access Salesforce due to missing role,Authentication,Assign Salesforce role through identity governance workflow
INC-100001,a new employee reports login rejected for SAP after a recent password reset,Authentication,Reset Active Directory cache and resync the identity profile for SAP
INC-100002,a contractor reports login rejected for SAP after a recent password reset,Authentication,Reset Active Directory cache and resync the identity profile for SAP
INC-100003,a manager reports login rejected for SAP after a recent password reset,Authentication,Reset Active Directory cache and resync the identity profile for SAP
INC-100004,a remote worker reports login rejected for SAP after a recent password reset,Authentication,Reset Active Directory cache and resync the identity profile for SAP
INC-100005,a finance team member reports login rejected for SAP after a recent password reset,Authentication,Reset Active Directory cache and resync the identity profile for SAP
INC-100006,a support engineer reports login rejected for SAP after a recent password reset,Authentication,Reset Active Directory cache and resync the identity profile for SAP
INC-100007,an executive assistant reports login rejected for SAP after a recent password reset,Authentication,Reset Active Directory cache and resync the identity profile for SAP
INC-100008,a warehouse supervisor reports login rejected for SAP after a recent password reset,Authentication,Reset Active Directory cache and resync the identity profile for SAP
INC-100009,an IT administrator reports login rejected for SAP after a recent password reset,Authentication,Reset Active Directory cache and resync the identity profile for SAP
INC-100010,a vendor account reports login rejected for SAP after a recent password reset,Authentication,Reset Active Directory cache and resync the identity profile for SAP
INC-100011,a new employee reports login rejected for Salesforce after a recent password reset,Authentication,Reset Active Directory cache and resync the identity profile for Salesforce
INC-100012,a contractor reports login rejected for Salesforce after a recent password reset,Authentication,Reset Active Directory cache and resync the identity profile for Salesforce
INC-100013,a manager reports login rejected for Salesforce after a recent password reset,Authentication,Reset Active Directory cache and resync the identity profile for Salesforce
INC-100014,a remote worker reports login rejected for Salesforce after a recent password reset,Authentication,Reset Active Directory cache and resync the identity profile for Salesforce
INC-100015,a finance team member reports login rejected for Salesforce after a recent password reset,Authentication,Reset Active Directory cache and resync the identity profile for Salesforce
INC-100016,a support engineer reports login rejected for Salesforce after a recent password reset,Authentication,Reset Active Directory cache and resync the identity profile for Salesforce
INC-100017,an executive assistant reports login rejected for Salesforce after a recent password reset,Authentication,Reset Active Directory cache and resync the identity profile for Salesforce
INC-100018,a warehouse supervisor reports login rejected for Salesforce after a recent password reset,Authentication,Reset Active Directory cache and resync the identity profile for Salesforce
INC-100019,an IT administrator reports login rejected for Salesforce after a recent password reset,Authentication,Reset Active Directory cache and resync the identity profile for Salesforce
INC-100020,a vendor account reports login rejected for Salesforce after a recent password reset,Authentication,Reset Active Directory cache and resync the identity profile for Salesforce
INC-100021,a new employee reports login rejected for Workday after a recent password reset,Authentication,Reset Active Directory cache and resync the identity profile for Workday
INC-100022,a contractor reports login rejected for Workday after a recent password reset,Authentication,Reset Active Directory cache and resync the identity profile for Workday
INC-100023,a manager reports login rejected for Workday after a recent password reset,Authentication,Reset Active Directory cache and resync the identity profile for Workday
INC-100024,a remote worker reports login rejected for Workday after a recent password reset,Authentication,Reset Active Directory cache and resync the identity profile for Workday
INC-100025,a finance team member reports login rejected for Workday after a recent password reset,Authentication,Reset Active Directory cache and resync the identity profile for Workday
INC-100026,a support engineer reports login rejected for Workday after a recent password reset,Authentication,Reset Active Directory cache and resync the identity profile for Workday
INC-100027,an executive assistant reports login rejected for Workday after a recent password reset,Authentication,Reset Active Directory cache and resync the identity profile for Workday
INC-100028,a warehouse supervisor reports login rejected for Workday after a recent password reset,Authentication,Reset Active Directory cache and resync the identity profile for Workday
INC-100029,an IT administrator reports login rejected for Workday after a recent password reset,Authentication,Reset Active Directory cache and resync the identity profile for Workday
INC-100030,a vendor account reports login rejected for Workday after a recent password reset,Authentication,Reset Active Directory cache and resync the identity profile for Workday
INC-100031,a new employee reports login rejected for Okta after a recent password reset,Authentication,Reset Active Directory cache and resync the identity profile for Okta
INC-100032,a contractor reports login rejected for Okta after a recent password reset,Authentication,Reset Active Directory cache and resync the identity profile for Okta
INC-100033,a manager reports login rejected for Okta after a recent password reset,Authentication,Reset Active Directory cache and resync the identity profile for Okta
INC-100034,a remote worker reports login rejected for Okta after a recent password reset,Authentication,Reset Active Directory cache and resync the identity profile for Okta
INC-100035,a finance team member reports login rejected for Okta after a recent password reset,Authentication,Reset Active Directory cache and resync the identity profile for Okta
INC-100036,a support engineer reports login rejected for Okta after a recent password reset,Authentication,Reset Active Directory cache and resync the identity profile for Okta
INC-100037,an executive assistant reports login rejected for Okta after a recent password reset,Authentication,Reset Active Directory cache and resync the identity profile for Okta
INC-100038,a warehouse supervisor reports login rejected for Okta after a recent password reset,Authentication,Reset Active Directory cache and resync the identity profile for Okta
INC-100039,an IT administrator reports login rejected for Okta after a recent password reset,Authentication,Reset Active Directory cache and resync the identity profile for Okta
INC-100040,a vendor account reports login rejected for Okta after a recent password reset,Authentication,Reset Active Directory cache and resync the identity profile for Okta
INC-100041,a new employee reports login rejected for the HR portal after a recent password reset,Authentication,Reset Active Directory cache and resync the identity profile for the HR portal
INC-100042,a contractor reports login rejected for the HR portal after a recent password reset,Authentication,Reset Active Directory cache and resync the identity profile for the HR portal
INC-100043,a manager reports login rejected for the HR portal after a recent password reset,Authentication,Reset Active Directory cache and resync the identity profile for the HR portal
INC-100044,a remote worker reports login rejected for the HR portal after a recent password reset,Authentication,Reset Active Directory cache and resync the identity profile for the HR portal
INC-100045,a finance team member reports login rejected for the HR portal after a recent password reset,Authentication,Reset Active Directory cache and resync the identity profile for the HR portal
INC-100046,a support engineer reports login rejected for the HR portal after a recent password reset,Authentication,Reset Active Directory cache and resync the identity profile for the HR portal
INC-100047,an executive assistant reports login rejected for the HR portal after a recent password reset,Authentication,Reset Active Directory cache and resync the identity profile for the HR portal
INC-100048,a warehouse supervisor reports login rejected for the HR portal after a recent password reset,Authentication,Reset Active Directory cache and resync the identity profile for the HR portal
INC-100049,an IT administrator reports login rejected for the HR portal after a recent password reset,Authentication,Reset Active Directory cache and resync the identity profile for the HR portal
INC-100050,a vendor account reports login rejected for the HR portal after a recent password reset,Authentication,Reset Active Directory cache and resync the identity profile for the HR portal
INC-100051,a new employee reports login rejected for the finance application after a recent password reset,Authentication,Reset Active Directory cache and resync the identity profile for the finance application
INC-100052,a contractor reports login rejected for the finance application after a recent password reset,Authentication,Reset Active Directory cache and resync the identity profile for the finance application
INC-100053,a manager reports login rejected for the finance application after a recent password reset,Authentication,Reset Active Directory cache and resync the identity profile for the finance application
INC-100054,a remote worker reports login rejected for the finance application after a recent password reset,Authentication,Reset Active Directory cache and resync the identity profile for the finance application
INC-100055,a finance team member reports login rejected for the finance application after a recent password reset,Authentication,Reset Active Directory cache and resync the identity profile for the finance application
INC-100056,a support engineer reports login rejected for the finance application after a recent password reset,Authentication,Reset Active Directory cache and resync the identity profile for the finance application
INC-100057,an executive assistant reports login rejected for the finance application after a recent password reset,Authentication,Reset Active Directory cache and resync the identity profile for the finance application
INC-100058,a warehouse supervisor reports login rejected for the finance application after a recent password reset,Authentication,Reset Active Directory cache and resync the identity profile for the finance application
INC-100059,an IT administrator reports login rejected for the finance application after a recent password reset,Authentication,Reset Active Directory cache and resync the identity profile for the finance application
INC-100060,a vendor account reports login rejected for the finance application after a recent password reset,Authentication,Reset Active Directory cache and resync the identity profile for the finance application
INC-100061,a new employee reports login rejected for the VPN portal after a recent password reset,Authentication,Reset Active Directory cache and resync the identity profile for the VPN portal
INC-100062,a contractor reports login rejected for the VPN portal after a recent password reset,Authentication,Reset Active Directory cache and resync the identity profile for the VPN portal
INC-100063,a manager reports login rejected for the VPN portal after a recent password reset,Authentication,Reset Active Directory cache and resync the identity profile for the VPN portal
INC-100064,a remote worker reports login rejected for the VPN portal after a recent password reset,Authentication,Reset Active Directory cache and resync the identity profile for the VPN portal
INC-100065,a finance team member reports login rejected for the VPN portal after a recent password reset,Authentication,Reset Active Directory cache and resync the identity profile for the VPN portal
INC-100066,a support engineer reports login rejected for the VPN portal after a recent password reset,Authentication,Reset Active Directory cache and resync the identity profile for the VPN portal
INC-100067,an executive assistant reports login rejected for the VPN portal after a recent password reset,Authentication,Reset Active Directory cache and resync the identity profile for the VPN portal
INC-100068,a warehouse supervisor reports login rejected for the VPN portal after a recent password reset,Authentication,Reset Active Directory cache and resync the identity profile for the VPN portal
INC-100069,an IT administrator reports login rejected for the VPN portal after a recent password reset,Authentication,Reset Active Directory cache and resync the identity profile for the VPN portal
INC-100070,a vendor account reports login rejected for the VPN portal after a recent password reset,Authentication,Reset Active Directory cache and resync the identity profile for the VPN portal
INC-100071,a new employee reports login rejected for Confluence after a recent password reset,Authentication,Reset Active Directory cache and resync the identity profile for Confluence
INC-100072,a contractor reports login rejected for Confluence after a recent password reset,Authentication,Reset Active Directory cache and resync the identity profile for Confluence
INC-100073,a manager reports login rejected for Confluence after a recent password reset,Authentication,Reset Active Directory cache and resync the identity profile for Confluence
INC-100074,a remote worker reports login rejected for Confluence after a recent password reset,Authentication,Reset Active Directory cache and resync the identity profile for Confluence
INC-100075,a finance team member reports login rejected for Confluence after a recent password reset,Authentication,Reset Active Directory cache and resync the identity profile for Confluence
INC-100076,a support engineer reports login rejected for Confluence after a recent password reset,Authentication,Reset Active Directory cache and resync the identity profile for Confluence
INC-100077,an executive assistant reports login rejected for Confluence after a recent password reset,Authentication,Reset Active Directory cache and resync the identity profile for Confluence
INC-100078,a warehouse supervisor reports login rejected for Confluence after a recent password reset,Authentication,Reset Active Directory cache and resync the identity profile for Confluence
INC-100079,an IT administrator reports login rejected for Confluence after a recent password reset,Authentication,Reset Active Directory cache and resync the identity profile for Confluence
INC-100080,a vendor account reports login rejected for Confluence after a recent password reset,Authentication,Reset Active Directory cache and resync the identity profile for Confluence
INC-100081,a new employee reports login rejected for the customer support console after a recent password reset,Authentication,Reset Active Directory cache and resync the identity profile for the customer support console
INC-100082,a contractor reports login rejected for the customer support console after a recent password reset,Authentication,Reset Active Directory cache and resync the identity profile for the customer support console
INC-100083,a manager reports login rejected for the customer support console after a recent password reset,Authentication,Reset Active Directory cache and resync the identity profile for the customer support console
INC-100084,a remote worker reports login rejected for the customer support console after a recent password reset,Authentication,Reset Active Directory cache and resync the identity profile for the customer support console
INC-100085,a finance team member reports login rejected for the customer support console after a recent password reset,Authentication,Reset Active Directory cache and resync the identity profile for the customer support console
INC-100086,a support engineer reports login rejected for the customer support console after a recent password reset,Authentication,Reset Active Directory cache and resync the identity profile for the customer support console
INC-100087,an executive assistant reports login rejected for the customer support console after a recent password reset,Authentication,Reset Active Directory cache and resync the identity profile for the customer support console
INC-100088,a warehouse supervisor reports login rejected for the customer support console after a recent password reset,Authentication,Reset Active Directory cache and resync the identity profile for the customer support console
INC-100089,an IT administrator reports login rejected for the customer support console after a recent password reset,Authentication,Reset Active Directory cache and resync the identity profile for the customer support console
INC-100090,a vendor account reports login rejected for the customer support console after a recent password reset,Authentication,Reset Active Directory cache and resync the identity profile for the customer support console
INC-100091,a new employee reports login rejected for the procurement system after a recent password reset,Authentication,Reset Active Directory cache and resync the identity profile for the procurement system
INC-100092,a contractor reports login rejected for the procurement system after a recent password reset,Authentication,Reset Active Directory cache and resync the identity profile for the procurement system
INC-100093,a manager reports login rejected for the procurement system after a recent password reset,Authentication,Reset Active Directory cache and resync the identity profile for the procurement system
INC-100094,a remote worker reports login rejected for the procurement system after a recent password reset,Authentication,Reset Active Directory cache and resync the identity profile for the procurement system
INC-100095,a finance team member reports login rejected for the procurement system after a recent password reset,Authentication,Reset Active Directory cache and resync the identity profile for the procurement system
INC-100096,a support engineer reports login rejected for the procurement system after a recent password reset,Authentication,Reset Active Directory cache and resync the identity profile for the procurement system
INC-100097,an executive assistant reports login rejected for the procurement system after a recent password reset,Authentication,Reset Active Directory cache and resync the identity profile for the procurement system
INC-100098,a warehouse supervisor reports login rejected for the procurement system after a recent password reset,Authentication,Reset Active Directory cache and resync the identity profile for the procurement system
INC-100099,an IT administrator reports login rejected for the procurement system after a recent password reset,Authentication,Reset Active Directory cache and resync the identity profile for the procurement system
INC-100100,a vendor account reports login rejected for the procurement system after a recent password reset,Authentication,Reset Active Directory cache and resync the identity profile for the procurement system
INC-100101,a new employee reports login rejected for the expense reporting tool after a recent password reset,Authentication,Reset Active Directory cache and resync the identity profile for the expense reporting tool
INC-100102,a contractor reports login rejected for the expense reporting tool after a recent password reset,Authentication,Reset Active Directory cache and resync the identity profile for the expense reporting tool
INC-100103,a manager reports login rejected for the expense reporting tool after a recent password reset,Authentication,Reset Active Directory cache and resync the identity profile for the expense reporting tool
INC-100104,a remote worker reports login rejected for the expense reporting tool after a recent password reset,Authentication,Reset Active Directory cache and resync the identity profile for the expense reporting tool
INC-100105,a finance team member reports login rejected for the expense reporting tool after a recent password reset,Authentication,Reset Active Directory cache and resync the identity profile for the expense reporting tool
INC-100106,a support engineer reports login rejected for the expense reporting tool after a recent password reset,Authentication,Reset Active Directory cache and resync the identity profile for the expense reporting tool
INC-100107,an executive assistant reports login rejected for the expense reporting tool after a recent password reset,Authentication,Reset Active Directory cache and resync the identity profile for the expense reporting tool
INC-100108,a warehouse supervisor reports login rejected for the expense reporting tool after a recent password reset,Authentication,Reset Active Directory cache and resync the identity profile for the expense reporting tool
INC-100109,an IT administrator reports login rejected for the expense reporting tool after a recent password reset,Authentication,Reset Active Directory cache and resync the identity profile for the expense reporting tool
INC-100110,a vendor account reports login rejected for the expense reporting tool after a recent password reset,Authentication,Reset Active Directory cache and resync the identity profile for the expense reporting tool
INC-100111,a new employee reports login rejected for the intranet after a recent password reset,Authentication,Reset Active Directory cache and resync the identity profile for the intranet
INC-100112,a contractor reports login rejected for the intranet after a recent password reset,Authentication,Reset Active Directory cache and resync the identity profile for the intranet
INC-100113,a manager reports login rejected for the intranet after a recent password reset,Authentication,Reset Active Directory cache and resync the identity profile for the intranet
INC-100114,a remote worker reports login rejected for the intranet after a recent password reset,Authentication,Reset Active Directory cache and resync the identity profile for the intranet
INC-100115,a finance team member reports login rejected for the intranet after a recent password reset,Authentication,Reset Active Directory cache and resync the identity profile for the intranet
INC-100116,a support engineer reports login rejected for the intranet after a recent password reset,Authentication,Reset Active Directory cache and resync the identity profile for the intranet
INC-100117,an executive assistant reports login rejected for the intranet after a recent password reset,Authentication,Reset Active Directory cache and resync the identity profile for the intranet
INC-100118,a warehouse supervisor reports login rejected for the intranet after a recent password reset,Authentication,Reset Active Directory cache and resync the identity profile for the intranet
INC-100119,an IT administrator reports login rejected for the intranet after a recent password reset,Authentication,Reset Active Directory cache and resync the identity profile for the intranet
INC-100120,a vendor account reports login rejected for the intranet after a recent password reset,Authentication,Reset Active Directory cache and resync the identity profile for the intranet
INC-100121,a new employee reports login rejected for ServiceNow after a recent password reset,Authentication,Reset Active Directory cache and resync the identity profile for ServiceNow
INC-100122,a contractor reports login rejected for ServiceNow after a recent password reset,Authentication,Reset Active Directory cache and resync the identity profile for ServiceNow
INC-100123,a manager reports login rejected for ServiceNow after a recent password reset,Authentication,Reset Active Directory cache and resync the identity profile for ServiceNow
INC-100124,a remote worker reports login rejected for ServiceNow after a recent password reset,Authentication,Reset Active Directory cache and resync the identity profile for ServiceNow
INC-100125,a finance team member reports login rejected for ServiceNow after a recent password reset,Authentication,Reset Active Directory cache and resync the identity profile for ServiceNow
INC-100126,a support engineer reports login rejected for ServiceNow after a recent password reset,Authentication,Reset Active Directory cache and resync the identity profile for ServiceNow
INC-100127,an executive assistant reports login rejected for ServiceNow after a recent password reset,Authentication,Reset Active Directory cache and resync the identity profile for ServiceNow
INC-100128,a warehouse supervisor reports login rejected for ServiceNow after a recent password reset,Authentication,Reset Active Directory cache and resync the identity profile for ServiceNow
INC-100129,an IT administrator reports login rejected for ServiceNow after a recent password reset,Authentication,Reset Active Directory cache and resync the identity profile for ServiceNow
INC-100130,a vendor account reports login rejected for ServiceNow after a recent password reset,Authentication,Reset Active Directory cache and resync the identity profile for ServiceNow
INC-100131,a new employee reports login rejected for the vendor management portal after a recent password reset,Authentication,Reset Active Directory cache and resync the identity profile for the vendor management portal
INC-100132,a contractor reports login rejected for the vendor management portal after a recent password reset,Authentication,Reset Active Directory cache and resync the identity profile for the vendor management portal
INC-100133,a manager reports login rejected for the vendor management portal after a recent password reset,Authentication,Reset Active Directory cache and resync the identity profile for the vendor management portal
INC-100134,a remote worker reports login rejected for the vendor management portal after a recent password reset,Authentication,Reset Active Directory cache and resync the identity profile for the vendor management portal
INC-100135,a finance team member reports login rejected for the vendor management portal after a recent password reset,Authentication,Reset Active Directory cache and resync the identity profile for the vendor management portal
INC-100136,a support engineer reports login rejected for the vendor management portal after a recent password reset,Authentication,Reset Active Directory cache and resync the identity profile for the vendor management portal
INC-100137,an executive assistant reports login rejected for the vendor management portal after a recent password reset,Authentication,Reset Active Directory cache and resync the identity profile for the vendor management portal
INC-100138,a warehouse supervisor reports login rejected for the vendor management portal after a recent password reset,Authentication,Reset Active Directory cache and resync the identity profile for the vendor management portal
INC-100139,an IT administrator reports login rejected for the vendor management portal after a recent password reset,Authentication,Reset Active Directory cache and resync the identity profile for the vendor management portal
INC-100140,a vendor account reports login rejected for the vendor management portal after a recent password reset,Authentication,Reset Active Directory cache and resync the identity profile for the vendor management portal
INC-100141,a new employee is locked out of SAP after multiple failed MFA attempts,Authentication,Unlock the account and re-enroll the MFA device for SAP
INC-100142,a contractor is locked out of SAP after multiple failed MFA attempts,Authentication,Unlock the account and re-enroll the MFA device for SAP
INC-100143,a manager is locked out of SAP after multiple failed MFA attempts,Authentication,Unlock the account and re-enroll the MFA device for SAP
INC-100144,a remote worker is locked out of SAP after multiple failed MFA attempts,Authentication,Unlock the account and re-enroll the MFA device for SAP
INC-100145,a finance team member is locked out of SAP after multiple failed MFA attempts,Authentication,Unlock the account and re-enroll the MFA device for SAP
INC-100146,a support engineer is locked out of SAP after multiple failed MFA attempts,Authentication,Unlock the account and re-enroll the MFA device for SAP
INC-100147,an executive assistant is locked out of SAP after multiple failed MFA attempts,Authentication,Unlock the account and re-enroll the MFA device for SAP
INC-100148,a warehouse supervisor is locked out of SAP after multiple failed MFA attempts,Authentication,Unlock the account and re-enroll the MFA device for SAP
INC-100149,an IT administrator is locked out of SAP after multiple failed MFA attempts,Authentication,Unlock the account and re-enroll the MFA device for SAP
INC-100150,a vendor account is locked out of SAP after multiple failed MFA attempts,Authentication,Unlock the account and re-enroll the MFA device for SAP
INC-100151,a new employee is locked out of Salesforce after multiple failed MFA attempts,Authentication,Unlock the account and re-enroll the MFA device for Salesforce
INC-100152,a contractor is locked out of Salesforce after multiple failed MFA attempts,Authentication,Unlock the account and re-enroll the MFA device for Salesforce
INC-100153,a manager is locked out of Salesforce after multiple failed MFA attempts,Authentication,Unlock the account and re-enroll the MFA device for Salesforce
INC-100154,a remote worker is locked out of Salesforce after multiple failed MFA attempts,Authentication,Unlock the account and re-enroll the MFA device for Salesforce
INC-100155,a finance team member is locked out of Salesforce after multiple failed MFA attempts,Authentication,Unlock the account and re-enroll the MFA device for Salesforce
INC-100156,a support engineer is locked out of Salesforce after multiple failed MFA attempts,Authentication,Unlock the account and re-enroll the MFA device for Salesforce
INC-100157,an executive assistant is locked out of Salesforce after multiple failed MFA attempts,Authentication,Unlock the account and re-enroll the MFA device for Salesforce
INC-100158,a warehouse supervisor is locked out of Salesforce after multiple failed MFA attempts,Authentication,Unlock the account and re-enroll the MFA device for Salesforce
INC-100159,an IT administrator is locked out of Salesforce after multiple failed MFA attempts,Authentication,Unlock the account and re-enroll the MFA device for Salesforce
INC-100160,a vendor account is locked out of Salesforce after multiple failed MFA attempts,Authentication,Unlock the account and re-enroll the MFA device for Salesforce
INC-100161,a new employee is locked out of Workday after multiple failed MFA attempts,Authentication,Unlock the account and re-enroll the MFA device for Workday
INC-100162,a contractor is locked out of Workday after multiple failed MFA attempts,Authentication,Unlock the account and re-enroll the MFA device for Workday
INC-100163,a manager is locked out of Workday after multiple failed MFA attempts,Authentication,Unlock the account and re-enroll the MFA device for Workday
INC-100164,a remote worker is locked out of Workday after multiple failed MFA attempts,Authentication,Unlock the account and re-enroll the MFA device for Workday
INC-100165,a finance team member is locked out of Workday after multiple failed MFA attempts,Authentication,Unlock the account and re-enroll the MFA device for Workday
INC-100166,a support engineer is locked out of Workday after multiple failed MFA attempts,Authentication,Unlock the account and re-enroll the MFA device for Workday
INC-100167,an executive assistant is locked out of Workday after multiple failed MFA attempts,Authentication,Unlock the account and re-enroll the MFA device for Workday
INC-100168,a warehouse supervisor is locked out of Workday after multiple failed MFA attempts,Authentication,Unlock the account and re-enroll the MFA device for Workday
INC-100169,an IT administrator is locked out of Workday after multiple failed MFA attempts,Authentication,Unlock the account and re-enroll the MFA device for Workday
INC-100170,a vendor account is locked out of Workday after multiple failed MFA attempts,Authentication,Unlock the account and re-enroll the MFA device for Workday
INC-100171,a new employee is locked out of Okta after multiple failed MFA attempts,Authentication,Unlock the account and re-enroll the MFA device for Okta
INC-100172,a contractor is locked out of Okta after multiple failed MFA attempts,Authentication,Unlock the account and re-enroll the MFA device for Okta
INC-100173,a manager is locked out of Okta after multiple failed MFA attempts,Authentication,Unlock the account and re-enroll the MFA device for Okta
INC-100174,a remote worker is locked out of Okta after multiple failed MFA attempts,Authentication,Unlock the account and re-enroll the MFA device for Okta
INC-100175,a finance team member is locked out of Okta after multiple failed MFA attempts,Authentication,Unlock the account and re-enroll the MFA device for Okta
INC-100176,a support engineer is locked out of Okta after multiple failed MFA attempts,Authentication,Unlock the account and re-enroll the MFA device for Okta
INC-100177,an executive assistant is locked out of Okta after multiple failed MFA attempts,Authentication,Unlock the account and re-enroll the MFA device for Okta
INC-100178,a warehouse supervisor is locked out of Okta after multiple failed MFA attempts,Authentication,Unlock the account and re-enroll the MFA device for Okta
INC-100179,an IT administrator is locked out of Okta after multiple failed MFA attempts,Authentication,Unlock the account and re-enroll the MFA device for Okta
INC-100180,a vendor account is locked out of Okta after multiple failed MFA attempts,Authentication,Unlock the account and re-enroll the MFA device for Okta
INC-100181,a new employee is locked out of the HR portal after multiple failed MFA attempts,Authentication,Unlock the account and re-enroll the MFA device for the HR portal
INC-100182,a contractor is locked out of the HR portal after multiple failed MFA attempts,Authentication,Unlock the account and re-enroll the MFA device for the HR portal
INC-100183,a manager is locked out of the HR portal after multiple failed MFA attempts,Authentication,Unlock the account and re-enroll the MFA device for the HR portal
INC-100184,a remote worker is locked out of the HR portal after multiple failed MFA attempts,Authentication,Unlock the account and re-enroll the MFA device for the HR portal
INC-100185,a finance team member is locked out of the HR portal after multiple failed MFA attempts,Authentication,Unlock the account and re-enroll the MFA device for the HR portal
INC-100186,a support engineer is locked out of the HR portal after multiple failed MFA attempts,Authentication,Unlock the account and re-enroll the MFA device for the HR portal
INC-100187,an executive assistant is locked out of the HR portal after multiple failed MFA attempts,Authentication,Unlock the account and re-enroll the MFA device for the HR portal
INC-100188,a warehouse supervisor is locked out of the HR portal after multiple failed MFA attempts,Authentication,Unlock the account and re-enroll the MFA device for the HR portal
INC-100189,an IT administrator is locked out of the HR portal after multiple failed MFA attempts,Authentication,Unlock the account and re-enroll the MFA device for the HR portal
INC-100190,a vendor account is locked out of the HR portal after multiple failed MFA attempts,Authentication,Unlock the account and re-enroll the MFA device for the HR portal
INC-100191,a new employee is locked out of the finance application after multiple failed MFA attempts,Authentication,Unlock the account and re-enroll the MFA device for the finance application
INC-100192,a contractor is locked out of the finance application after multiple failed MFA attempts,Authentication,Unlock the account and re-enroll the MFA device for the finance application
INC-100193,a manager is locked out of the finance application after multiple failed MFA attempts,Authentication,Unlock the account and re-enroll the MFA device for the finance application
INC-100194,a remote worker is locked out of the finance application after multiple failed MFA attempts,Authentication,Unlock the account and re-enroll the MFA device for the finance application
INC-100195,a finance team member is locked out of the finance application after multiple failed MFA attempts,Authentication,Unlock the account and re-enroll the MFA device for the finance application
INC-100196,a support engineer is locked out of the finance application after multiple failed MFA attempts,Authentication,Unlock the account and re-enroll the MFA device for the finance application
INC-5001,Production database CPU at 95 percent during report generation,Database,Tune slow query and add covering index
INC-5002,Oracle tablespace reached capacity threshold,Database,Extend tablespace and archive stale audit records
INC-5003,Database backup failed because storage volume is full,Database,Increase backup volume and rerun scheduled backup
INC-5004,Application cannot connect to PostgreSQL after certificate rotation,Database,Update trust store and restart application connection pool
INC-500001,the Oracle database storage threshold reached during month-end reporting,Database,Extend storage allocation and archive stale records for the Oracle database
INC-500002,the Oracle database storage threshold reached during checkout processing,Database,Extend storage allocation and archive stale records for the Oracle database
INC-500003,the Oracle database storage threshold reached during the payroll run,Database,Extend storage allocation and archive stale records for the Oracle database
INC-500004,the Oracle database storage threshold reached during an audit,Database,Extend storage allocation and archive stale records for the Oracle database
INC-500005,the Oracle database storage threshold reached during the nightly ETL window,Database,Extend storage allocation and archive stale records for the Oracle database
INC-500006,the Oracle database storage threshold reached during a schema migration,Database,Extend storage allocation and archive stale records for the Oracle database
INC-500007,the Oracle database storage threshold reached during peak trading hours,Database,Extend storage allocation and archive stale records for the Oracle database
INC-500008,the Oracle database storage threshold reached during a scheduled maintenance window,Database,Extend storage allocation and archive stale records for the Oracle database
INC-500009,the Oracle database storage threshold reached during a failover test,Database,Extend storage allocation and archive stale records for the Oracle database
INC-500010,the Oracle database storage threshold reached while ingesting a large batch,Database,Extend storage allocation and archive stale records for the Oracle database
INC-500011,the PostgreSQL cluster storage threshold reached during month-end reporting,Database,Extend storage allocation and archive stale records for the PostgreSQL cluster
INC-500012,the PostgreSQL cluster storage threshold reached during checkout processing,Database,Extend storage allocation and archive stale records for the PostgreSQL cluster
INC-500013,the PostgreSQL cluster storage threshold reached during the payroll run,Database,Extend storage allocation and archive stale records for the PostgreSQL cluster
INC-500014,the PostgreSQL cluster storage threshold reached during an audit,Database,Extend storage allocation and archive stale records for the PostgreSQL cluster
INC-500015,the PostgreSQL cluster storage threshold reached during the nightly ETL window,Database,Extend storage allocation and archive stale records for the PostgreSQL cluster
INC-500016,the PostgreSQL cluster storage threshold reached during a schema migration,Database,Extend storage allocation and archive stale records for the PostgreSQL cluster
INC-500017,the PostgreSQL cluster storage threshold reached during peak trading hours,Database,Extend storage allocation and archive stale records for the PostgreSQL cluster
INC-500018,the PostgreSQL cluster storage threshold reached during a scheduled maintenance window,Database,Extend storage allocation and archive stale records for the PostgreSQL cluster
INC-500019,the PostgreSQL cluster storage threshold reached during a failover test,Database,Extend storage allocation and archive stale records for the PostgreSQL cluster
INC-500020,the PostgreSQL cluster storage threshold reached while ingesting a large batch,Database,Extend storage allocation and archive stale records for the PostgreSQL cluster
INC-500021,the SQL Server instance storage threshold reached during month-end reporting,Database,Extend storage allocation and archive stale records for the SQL Server instance
INC-500022,the SQL Server instance storage threshold reached during checkout processing,Database,Extend storage allocation and archive stale records for the SQL Server instance
INC-500023,the SQL Server instance storage threshold reached during the payroll run,Database,Extend storage allocation and archive stale records for the SQL Server instance
INC-500024,the SQL Server instance storage threshold reached during an audit,Database,Extend storage allocation and archive stale records for the SQL Server instance
INC-500025,the SQL Server instance storage threshold reached during the nightly ETL window,Database,Extend storage allocation and archive stale records for the SQL Server instance
INC-500026,the SQL Server instance storage threshold reached during a schema migration,Database,Extend storage allocation and archive stale records for the SQL Server instance
INC-500027,the SQL Server instance storage threshold reached during peak trading hours,Database,Extend storage allocation and archive stale records for the SQL Server instance
INC-500028,the SQL Server instance storage threshold reached during a scheduled maintenance window,Database,Extend storage allocation and archive stale records for the SQL Server instance
INC-500029,the SQL Server instance storage threshold reached during a failover test,Database,Extend storage allocation and archive stale records for the SQL Server instance
INC-500030,the SQL Server instance storage threshold reached while ingesting a large batch,Database,Extend storage allocation and archive stale records for the SQL Server instance
INC-500031,the MongoDB replica set storage threshold reached during month-end reporting,Database,Extend storage allocation and archive stale records for the MongoDB replica set
INC-500032,the MongoDB replica set storage threshold reached during checkout processing,Database,Extend storage allocation and archive stale records for the MongoDB replica set
INC-500033,the MongoDB replica set storage threshold reached during the payroll run,Database,Extend storage allocation and archive stale records for the MongoDB replica set
INC-500034,the MongoDB replica set storage threshold reached during an audit,Database,Extend storage allocation and archive stale records for the MongoDB replica set
INC-500035,the MongoDB replica set storage threshold reached during the nightly ETL window,Database,Extend storage allocation and archive stale records for the MongoDB replica set
INC-500036,the MongoDB replica set storage threshold reached during a schema migration,Database,Extend storage allocation and archive stale records for the MongoDB replica set
INC-500037,the MongoDB replica set storage threshold reached during peak trading hours,Database,Extend storage allocation and archive stale records for the MongoDB replica set
INC-500038,the MongoDB replica set storage threshold reached during a scheduled maintenance window,Database,Extend storage allocation and archive stale records for the MongoDB replica set
INC-500039,the MongoDB replica set storage threshold reached during a failover test,Database,Extend storage allocation and archive stale records for the MongoDB replica set
INC-500040,the MongoDB replica set storage threshold reached while ingesting a large batch,Database,Extend storage allocation and archive stale records for the MongoDB replica set
INC-500041,the reporting database storage threshold reached during month-end reporting,Database,Extend storage allocation and archive stale records for the reporting database
INC-500042,the reporting database storage threshold reached during checkout processing,Database,Extend storage allocation and archive stale records for the reporting database
INC-500043,the reporting database storage threshold reached during the payroll run,Database,Extend storage allocation and archive stale records for the reporting database
INC-500044,the reporting database storage threshold reached during an audit,Database,Extend storage allocation and archive stale records for the reporting database
INC-500045,the reporting database storage threshold reached during the nightly ETL window,Database,Extend storage allocation and archive stale records for the reporting database
INC-500046,the reporting database storage threshold reached during a schema migration,Database,Extend storage allocation and archive stale records for the reporting database
INC-500047,the reporting database storage threshold reached during peak trading hours,Database,Extend storage allocation and archive stale records for the reporting database
INC-500048,the reporting database storage threshold reached during a scheduled maintenance window,Database,Extend storage allocation and archive stale records for the reporting database
INC-500049,the reporting database storage threshold reached during a failover test,Database,Extend storage allocation and archive stale records for the reporting database
INC-500050,the reporting database storage threshold reached while ingesting a large batch,Database,Extend storage allocation and archive stale records for the reporting database
INC-500051,the production database storage threshold reached during month-end reporting,Database,Extend storage allocation and archive stale records for the production database
INC-500052,the production database storage threshold reached during checkout processing,Database,Extend storage allocation and archive stale records for the production database
INC-500053,the production database storage threshold reached during the payroll run,Database,Extend storage allocation and archive stale records for the production database
INC-500054,the production database storage threshold reached during an audit,Database,Extend storage allocation and archive stale records for the production database
INC-500055,the production database storage threshold reached during the nightly ETL window,Database,Extend storage allocation and archive stale records for the production database
INC-500056,the production database storage threshold reached during a schema migration,Database,Extend storage allocation and archive stale records for the production database
INC-500057,the production database storage threshold reached during peak trading hours,Database,Extend storage allocation and archive stale records for the production database
INC-500058,the production database storage threshold reached during a scheduled maintenance window,Database,Extend storage allocation and archive stale records for the production database
INC-500059,the production database storage threshold reached during a failover test,Database,Extend storage allocation and archive stale records for the production database
INC-500060,the production database storage threshold reached while ingesting a large batch,Database,Extend storage allocation and archive stale records for the production database
INC-500061,the backup volume storage threshold reached during month-end reporting,Database,Extend storage allocation and archive stale records for the backup volume
INC-500062,the backup volume storage threshold reached during checkout processing,Database,Extend storage allocation and archive stale records for the backup volume
INC-500063,the backup volume storage threshold reached during the payroll run,Database,Extend storage allocation and archive stale records for the backup volume
INC-500064,the backup volume storage threshold reached during an audit,Database,Extend storage allocation and archive stale records for the backup volume
INC-500065,the backup volume storage threshold reached during the nightly ETL window,Database,Extend storage allocation and archive stale records for the backup volume
INC-500066,the backup volume storage threshold reached during a schema migration,Database,Extend storage allocation and archive stale records for the backup volume
INC-500067,the backup volume storage threshold reached during peak trading hours,Database,Extend storage allocation and archive stale records for the backup volume
INC-500068,the backup volume storage threshold reached during a scheduled maintenance window,Database,Extend storage allocation and archive stale records for the backup volume
INC-500069,the backup volume storage threshold reached during a failover test,Database,Extend storage allocation and archive stale records for the backup volume
INC-500070,the backup volume storage threshold reached while ingesting a large batch,Database,Extend storage allocation and archive stale records for the backup volume
INC-500071,the analytics warehouse storage threshold reached during month-end reporting,Database,Extend storage allocation and archive stale records for the analytics warehouse
INC-500072,the analytics warehouse storage threshold reached during checkout processing,Database,Extend storage allocation and archive stale records for the analytics warehouse
INC-500073,the analytics warehouse storage threshold reached during the payroll run,Database,Extend storage allocation and archive stale records for the analytics warehouse
INC-500074,the analytics warehouse storage threshold reached during an audit,Database,Extend storage allocation and archive stale records for the analytics warehouse
INC-500075,the analytics warehouse storage threshold reached during the nightly ETL window,Database,Extend storage allocation and archive stale records for the analytics warehouse
INC-500076,the analytics warehouse storage threshold reached during a schema migration,Database,Extend storage allocation and archive stale records for the analytics warehouse
INC-500077,the analytics warehouse storage threshold reached during peak trading hours,Database,Extend storage allocation and archive stale records for the analytics warehouse
INC-500078,the analytics warehouse storage threshold reached during a scheduled maintenance window,Database,Extend storage allocation and archive stale records for the analytics warehouse
INC-500079,the analytics warehouse storage threshold reached during a failover test,Database,Extend storage allocation and archive stale records for the analytics warehouse
INC-500080,the analytics warehouse storage threshold reached while ingesting a large batch,Database,Extend storage allocation and archive stale records for the analytics warehouse
INC-500081,the customer data store storage threshold reached during month-end reporting,Database,Extend storage allocation and archive stale records for the customer data store
INC-500082,the customer data store storage threshold reached during checkout processing,Database,Extend storage allocation and archive stale records for the customer data store
INC-500083,the customer data store storage threshold reached during the payroll run,Database,Extend storage allocation and archive stale records for the customer data store
INC-500084,the customer data store storage threshold reached during an audit,Database,Extend storage allocation and archive stale records for the customer data store
INC-500085,the customer data store storage threshold reached during the nightly ETL window,Database,Extend storage allocation and archive stale records for the customer data store
INC-500086,the customer data store storage threshold reached during a schema migration,Database,Extend storage allocation and archive stale records for the customer data store
INC-500087,the customer data store storage threshold reached during peak trading hours,Database,Extend storage allocation and archive stale records for the customer data store
INC-500088,the customer data store storage threshold reached during a scheduled maintenance window,Database,Extend storage allocation and archive stale records for the customer data store
INC-500089,the customer data store storage threshold reached during a failover test,Database,Extend storage allocation and archive stale records for the customer data store
INC-500090,the customer data store storage threshold reached while ingesting a large batch,Database,Extend storage allocation and archive stale records for the customer data store
INC-500091,the billing database storage threshold reached during month-end reporting,Database,Extend storage allocation and archive stale records for the billing database
INC-500092,the billing database storage threshold reached during checkout processing,Database,Extend storage allocation and archive stale records for the billing database
INC-500093,the billing database storage threshold reached during the payroll run,Database,Extend storage allocation and archive stale records for the billing database
INC-500094,the billing database storage threshold reached during an audit,Database,Extend storage allocation and archive stale records for the billing database
INC-500095,the billing database storage threshold reached during the nightly ETL window,Database,Extend storage allocation and archive stale records for the billing database
INC-500096,the billing database storage threshold reached during a schema migration,Database,Extend storage allocation and archive stale records for the billing database
INC-500097,the billing database storage threshold reached during peak trading hours,Database,Extend storage allocation and archive stale records for the billing database
INC-500098,the billing database storage threshold reached during a scheduled maintenance window,Database,Extend storage allocation and archive stale records for the billing database
INC-500099,the billing database storage threshold reached during a failover test,Database,Extend storage allocation and archive stale records for the billing database
INC-500100,the billing database storage threshold reached while ingesting a large batch,Database,Extend storage allocation and archive stale records for the billing database
INC-500101,the audit log database storage threshold reached during month-end reporting,Database,Extend storage allocation and archive stale records for the audit log database
INC-500102,the audit log database storage threshold reached during checkout processing,Database,Extend storage allocation and archive stale records for the audit log database
INC-500103,the audit log database storage threshold reached during the payroll run,Database,Extend storage allocation and archive stale records for the audit log database
INC-500104,the audit log database storage threshold reached during an audit,Database,Extend storage allocation and archive stale records for the audit log database
INC-500105,the audit log database storage threshold reached during the nightly ETL window,Database,Extend storage allocation and archive stale records for the audit log database
INC-500106,the audit log database storage threshold reached during a schema migration,Database,Extend storage allocation and archive stale records for the audit log database
INC-500107,the audit log database storage threshold reached during peak trading hours,Database,Extend storage allocation and archive stale records for the audit log database
INC-500108,the audit log database storage threshold reached during a scheduled maintenance window,Database,Extend storage allocation and archive stale records for the audit log database
INC-500109,the audit log database storage threshold reached during a failover test,Database,Extend storage allocation and archive stale records for the audit log database
INC-500110,the audit log database storage threshold reached while ingesting a large batch,Database,Extend storage allocation and archive stale records for the audit log database
INC-500111,the session store storage threshold reached during month-end reporting,Database,Extend storage allocation and archive stale records for the session store
INC-500112,the session store storage threshold reached during checkout processing,Database,Extend storage allocation and archive stale records for the session store
INC-500113,the session store storage threshold reached during the payroll run,Database,Extend storage allocation and archive stale records for the session store
INC-500114,the session store storage threshold reached during an audit,Database,Extend storage allocation and archive stale records for the session store
INC-500115,the session store storage threshold reached during the nightly ETL window,Database,Extend storage allocation and archive stale records for the session store
INC-500116,the session store storage threshold reached during a schema migration,Database,Extend storage allocation and archive stale records for the session store
INC-500117,the session store storage threshold reached during peak trading hours,Database,Extend storage allocation and archive stale records for the session store
INC-500118,the session store storage threshold reached during a scheduled maintenance window,Database,Extend storage allocation and archive stale records for the session store
INC-500119,the session store storage threshold reached during a failover test,Database,Extend storage allocation and archive stale records for the session store
INC-500120,the session store storage threshold reached while ingesting a large batch,Database,Extend storage allocation and archive stale records for the session store
INC-500121,the search index cluster storage threshold reached during month-end reporting,Database,Extend storage allocation and archive stale records for the search index cluster
INC-500122,the search index cluster storage threshold reached during checkout processing,Database,Extend storage allocation and archive stale records for the search index cluster
INC-500123,the search index cluster storage threshold reached during the payroll run,Database,Extend storage allocation and archive stale records for the search index cluster
INC-500124,the search index cluster storage threshold reached during an audit,Database,Extend storage allocation and archive stale records for the search index cluster
INC-500125,the search index cluster storage threshold reached during the nightly ETL window,Database,Extend storage allocation and archive stale records for the search index cluster
INC-500126,the search index cluster storage threshold reached during a schema migration,Database,Extend storage allocation and archive stale records for the search index cluster
INC-500127,the search index cluster storage threshold reached during peak trading hours,Database,Extend storage allocation and archive stale records for the search index cluster
INC-500128,the search index cluster storage threshold reached during a scheduled maintenance window,Database,Extend storage allocation and archive stale records for the search index cluster
INC-500129,the search index cluster storage threshold reached during a failover test,Database,Extend storage allocation and archive stale records for the search index cluster
INC-500130,the search index cluster storage threshold reached while ingesting a large batch,Database,Extend storage allocation and archive stale records for the search index cluster
INC-500131,the data lake ingestion job storage threshold reached during month-end reporting,Database,Extend storage allocation and archive stale records for the data lake ingestion job
INC-500132,the data lake ingestion job storage threshold reached during checkout processing,Database,Extend storage allocation and archive stale records for the data lake ingestion job
INC-500133,the data lake ingestion job storage threshold reached during the payroll run,Database,Extend storage allocation and archive stale records for the data lake ingestion job
INC-500134,the data lake ingestion job storage threshold reached during an audit,Database,Extend storage allocation and archive stale records for the data lake ingestion job
INC-500135,the data lake ingestion job storage threshold reached during the nightly ETL window,Database,Extend storage allocation and archive stale records for the data lake ingestion job
INC-500136,the data lake ingestion job storage threshold reached during a schema migration,Database,Extend storage allocation and archive stale records for the data lake ingestion job
INC-500137,the data lake ingestion job storage threshold reached during peak trading hours,Database,Extend storage allocation and archive stale records for the data lake ingestion job
INC-500138,the data lake ingestion job storage threshold reached during a scheduled maintenance window,Database,Extend storage allocation and archive stale records for the data lake ingestion job
INC-500139,the data lake ingestion job storage threshold reached during a failover test,Database,Extend storage allocation and archive stale records for the data lake ingestion job
INC-500140,the data lake ingestion job storage threshold reached while ingesting a large batch,Database,Extend storage allocation and archive stale records for the data lake ingestion job
INC-500141,the Oracle database CPU usage spiked during month-end reporting,Database,Tune the slow query and add a covering index for the Oracle database
INC-500142,the Oracle database CPU usage spiked during checkout processing,Database,Tune the slow query and add a covering index for the Oracle database
INC-500143,the Oracle database CPU usage spiked during the payroll run,Database,Tune the slow query and add a covering index for the Oracle database
INC-500144,the Oracle database CPU usage spiked during an audit,Database,Tune the slow query and add a covering index for the Oracle database
INC-500145,the Oracle database CPU usage spiked during the nightly ETL window,Database,Tune the slow query and add a covering index for the Oracle database
INC-500146,the Oracle database CPU usage spiked during a schema migration,Database,Tune the slow query and add a covering index for the Oracle database
INC-500147,the Oracle database CPU usage spiked during peak trading hours,Database,Tune the slow query and add a covering index for the Oracle database
INC-500148,the Oracle database CPU usage spiked during a scheduled maintenance window,Database,Tune the slow query and add a covering index for the Oracle database
INC-500149,the Oracle database CPU usage spiked during a failover test,Database,Tune the slow query and add a covering index for the Oracle database
INC-500150,the Oracle database CPU usage spiked while ingesting a large batch,Database,Tune the slow query and add a covering index for the Oracle database
INC-500151,the PostgreSQL cluster CPU usage spiked during month-end reporting,Database,Tune the slow query and add a covering index for the PostgreSQL cluster
INC-500152,the PostgreSQL cluster CPU usage spiked during checkout processing,Database,Tune the slow query and add a covering index for the PostgreSQL cluster
INC-500153,the PostgreSQL cluster CPU usage spiked during the payroll run,Database,Tune the slow query and add a covering index for the PostgreSQL cluster
INC-500154,the PostgreSQL cluster CPU usage spiked during an audit,Database,Tune the slow query and add a covering index for the PostgreSQL cluster
INC-500155,the PostgreSQL cluster CPU usage spiked during the nightly ETL window,Database,Tune the slow query and add a covering index for the PostgreSQL cluster
INC-500156,the PostgreSQL cluster CPU usage spiked during a schema migration,Database,Tune the slow query and add a covering index for the PostgreSQL cluster
INC-500157,the PostgreSQL cluster CPU usage spiked during peak trading hours,Database,Tune the slow query and add a covering index for the PostgreSQL cluster
INC-500158,the PostgreSQL cluster CPU usage spiked during a scheduled maintenance window,Database,Tune the slow query and add a covering index for the PostgreSQL cluster
INC-500159,the PostgreSQL cluster CPU usage spiked during a failover test,Database,Tune the slow query and add a covering index for the PostgreSQL cluster
INC-500160,the PostgreSQL cluster CPU usage spiked while ingesting a large batch,Database,Tune the slow query and add a covering index for the PostgreSQL cluster
INC-500161,the SQL Server instance CPU usage spiked during month-end reporting,Database,Tune the slow query and add a covering index for the SQL Server instance
INC-500162,the SQL Server instance CPU usage spiked during checkout processing,Database,Tune the slow query and add a covering index for the SQL Server instance
INC-500163,the SQL Server instance CPU usage spiked during the payroll run,Database,Tune the slow query and add a covering index for the SQL Server instance
INC-500164,the SQL Server instance CPU usage spiked during an audit,Database,Tune the slow query and add a covering index for the SQL Server instance
INC-500165,the SQL Server instance CPU usage spiked during the nightly ETL window,Database,Tune the slow query and add a covering index for the SQL Server instance
INC-500166,the SQL Server instance CPU usage spiked during a schema migration,Database,Tune the slow query and add a covering index for the SQL Server instance
INC-500167,the SQL Server instance CPU usage spiked during peak trading hours,Database,Tune the slow query and add a covering index for the SQL Server instance
INC-500168,the SQL Server instance CPU usage spiked during a scheduled maintenance window,Database,Tune the slow query and add a covering index for the SQL Server instance
INC-500169,the SQL Server instance CPU usage spiked during a failover test,Database,Tune the slow query and add a covering index for the SQL Server instance
INC-500170,the SQL Server instance CPU usage spiked while ingesting a large batch,Database,Tune the slow query and add a covering index for the SQL Server instance
INC-500171,the MongoDB replica set CPU usage spiked during month-end reporting,Database,Tune the slow query and add a covering index for the MongoDB replica set
INC-500172,the MongoDB replica set CPU usage spiked during checkout processing,Database,Tune the slow query and add a covering index for the MongoDB replica set
INC-500173,the MongoDB replica set CPU usage spiked during the payroll run,Database,Tune the slow query and add a covering index for the MongoDB replica set
INC-500174,the MongoDB replica set CPU usage spiked during an audit,Database,Tune the slow query and add a covering index for the MongoDB replica set
INC-500175,the MongoDB replica set CPU usage spiked during the nightly ETL window,Database,Tune the slow query and add a covering index for the MongoDB replica set
INC-500176,the MongoDB replica set CPU usage spiked during a schema migration,Database,Tune the slow query and add a covering index for the MongoDB replica set
INC-500177,the MongoDB replica set CPU usage spiked during peak trading hours,Database,Tune the slow query and add a covering index for the MongoDB replica set
INC-500178,the MongoDB replica set CPU usage spiked during a scheduled maintenance window,Database,Tune the slow query and add a covering index for the MongoDB replica set
INC-500179,the MongoDB replica set CPU usage spiked during a failover test,Database,Tune the slow query and add a covering index for the MongoDB replica set
INC-500180,the MongoDB replica set CPU usage spiked while ingesting a large batch,Database,Tune the slow query and add a covering index for the MongoDB replica set
INC-500181,the reporting database CPU usage spiked during month-end reporting,Database,Tune the slow query and add a covering index for the reporting database
INC-500182,the reporting database CPU usage spiked during checkout processing,Database,Tune the slow query and add a covering index for the reporting database
INC-500183,the reporting database CPU usage spiked during the payroll run,Database,Tune the slow query and add a covering index for the reporting database
INC-500184,the reporting database CPU usage spiked during an audit,Database,Tune the slow query and add a covering index for the reporting database
INC-500185,the reporting database CPU usage spiked during the nightly ETL window,Database,Tune the slow query and add a covering index for the reporting database
INC-500186,the reporting database CPU usage spiked during a schema migration,Database,Tune the slow query and add a covering index for the reporting database
INC-500187,the reporting database CPU usage spiked during peak trading hours,Database,Tune the slow query and add a covering index for the reporting database
INC-500188,the reporting database CPU usage spiked during a scheduled maintenance window,Database,Tune the slow query and add a covering index for the reporting database
INC-500189,the reporting database CPU usage spiked during a failover test,Database,Tune the slow query and add a covering index for the reporting database
INC-500190,the reporting database CPU usage spiked while ingesting a large batch,Database,Tune the slow query and add a covering index for the reporting database
INC-500191,the production database CPU usage spiked during month-end reporting,Database,Tune the slow query and add a covering index for the production database
INC-500192,the production database CPU usage spiked during checkout processing,Database,Tune the slow query and add a covering index for the production database
INC-500193,the production database CPU usage spiked during the payroll run,Database,Tune the slow query and add a covering index for the production database
INC-500194,the production database CPU usage spiked during an audit,Database,Tune the slow query and add a covering index for the production database
INC-500195,the production database CPU usage spiked during the nightly ETL window,Database,Tune the slow query and add a covering index for the production database
INC-500196,the production database CPU usage spiked during a schema migration,Database,Tune the slow query and add a covering index for the production database
INC-4001,Laptop encryption agent reports unhealthy status,Endpoint,Reinstall encryption agent and force policy sync
INC-4002,Windows laptop blue screen after security patch update,Endpoint,Remove faulty driver and apply revised patch bundle
INC-4003,Mac device missing endpoint detection policy,Endpoint,Push EDR profile from device management console
INC-4004,Printer driver installation fails on managed desktop,Endpoint,Install signed universal print driver package
INC-400001,a company laptop for a new hire won't boot after the last update,Endpoint,Reimage the device and reapply the standard build for a new hire
INC-400002,a company laptop for a field technician won't boot after the last update,Endpoint,Reimage the device and reapply the standard build for a field technician
INC-400003,a company laptop for an executive won't boot after the last update,Endpoint,Reimage the device and reapply the standard build for an executive
INC-400004,a company laptop for a warehouse operator won't boot after the last update,Endpoint,Reimage the device and reapply the standard build for a warehouse operator
INC-400005,a company laptop for a remote employee won't boot after the last update,Endpoint,Reimage the device and reapply the standard build for a remote employee
INC-400006,a company laptop for a contractor won't boot after the last update,Endpoint,Reimage the device and reapply the standard build for a contractor
INC-400007,a company laptop for a support engineer won't boot after the last update,Endpoint,Reimage the device and reapply the standard build for a support engineer
INC-400008,a company laptop for a finance analyst won't boot after the last update,Endpoint,Reimage the device and reapply the standard build for a finance analyst
INC-400009,a company laptop for a shift supervisor won't boot after the last update,Endpoint,Reimage the device and reapply the standard build for a shift supervisor
INC-400010,a company laptop for an IT administrator won't boot after the last update,Endpoint,Reimage the device and reapply the standard build for an IT administrator
INC-400011,a desktop workstation for a new hire won't boot after the last update,Endpoint,Reimage the device and reapply the standard build for a new hire
INC-400012,a desktop workstation for a field technician won't boot after the last update,Endpoint,Reimage the device and reapply the standard build for a field technician
INC-400013,a desktop workstation for an executive won't boot after the last update,Endpoint,Reimage the device and reapply the standard build for an executive
INC-400014,a desktop workstation for a warehouse operator won't boot after the last update,Endpoint,Reimage the device and reapply the standard build for a warehouse operator
INC-400015,a desktop workstation for a remote employee won't boot after the last update,Endpoint,Reimage the device and reapply the standard build for a remote employee
INC-400016,a desktop workstation for a contractor won't boot after the last update,Endpoint,Reimage the device and reapply the standard build for a contractor
INC-400017,a desktop workstation for a support engineer won't boot after the last update,Endpoint,Reimage the device and reapply the standard build for a support engineer
INC-400018,a desktop workstation for a finance analyst won't boot after the last update,Endpoint,Reimage the device and reapply the standard build for a finance analyst
INC-400019,a desktop workstation for a shift supervisor won't boot after the last update,Endpoint,Reimage the device and reapply the standard build for a shift supervisor
INC-400020,a desktop workstation for an IT administrator won't boot after the last update,Endpoint,Reimage the device and reapply the standard build for an IT administrator
INC-400021,a mobile device for a new hire won't boot after the last update,Endpoint,Reimage the device and reapply the standard build for a new hire
INC-400022,a mobile device for a field technician won't boot after the last update,Endpoint,Reimage the device and reapply the standard build for a field technician
INC-400023,a mobile device for an executive won't boot after the last update,Endpoint,Reimage the device and reapply the standard build for an executive
INC-400024,a mobile device for a warehouse operator won't boot after the last update,Endpoint,Reimage the device and reapply the standard build for a warehouse operator
INC-400025,a mobile device for a remote employee won't boot after the last update,Endpoint,Reimage the device and reapply the standard build for a remote employee
INC-400026,a mobile device for a contractor won't boot after the last update,Endpoint,Reimage the device and reapply the standard build for a contractor
INC-400027,a mobile device for a support engineer won't boot after the last update,Endpoint,Reimage the device and reapply the standard build for a support engineer
INC-400028,a mobile device for a finance analyst won't boot after the last update,Endpoint,Reimage the device and reapply the standard build for a finance analyst
INC-400029,a mobile device for a shift supervisor won't boot after the last update,Endpoint,Reimage the device and reapply the standard build for a shift supervisor
INC-400030,a mobile device for an IT administrator won't boot after the last update,Endpoint,Reimage the device and reapply the standard build for an IT administrator
INC-400031,a VDI session client for a new hire won't boot after the last update,Endpoint,Reimage the device and reapply the standard build for a new hire
INC-400032,a VDI session client for a field technician won't boot after the last update,Endpoint,Reimage the device and reapply the standard build for a field technician
INC-400033,a VDI session client for an executive won't boot after the last update,Endpoint,Reimage the device and reapply the standard build for an executive
INC-400034,a VDI session client for a warehouse operator won't boot after the last update,Endpoint,Reimage the device and reapply the standard build for a warehouse operator
INC-400035,a VDI session client for a remote employee won't boot after the last update,Endpoint,Reimage the device and reapply the standard build for a remote employee
INC-400036,a VDI session client for a contractor won't boot after the last update,Endpoint,Reimage the device and reapply the standard build for a contractor
INC-400037,a VDI session client for a support engineer won't boot after the last update,Endpoint,Reimage the device and reapply the standard build for a support engineer
INC-400038,a VDI session client for a finance analyst won't boot after the last update,Endpoint,Reimage the device and reapply the standard build for a finance analyst
INC-400039,a VDI session client for a shift supervisor won't boot after the last update,Endpoint,Reimage the device and reapply the standard build for a shift supervisor
INC-400040,a VDI session client for an IT administrator won't boot after the last update,Endpoint,Reimage the device and reapply the standard build for an IT administrator
INC-400041,a point-of-sale terminal for a new hire won't boot after the last update,Endpoint,Reimage the device and reapply the standard build for a new hire
INC-400042,a point-of-sale terminal for a field technician won't boot after the last update,Endpoint,Reimage the device and reapply the standard build for a field technician
INC-400043,a point-of-sale terminal for an executive won't boot after the last update,Endpoint,Reimage the device and reapply the standard build for an executive
INC-400044,a point-of-sale terminal for a warehouse operator won't boot after the last update,Endpoint,Reimage the device and reapply the standard build for a warehouse operator
INC-400045,a point-of-sale terminal for a remote employee won't boot after the last update,Endpoint,Reimage the device and reapply the standard build for a remote employee
INC-400046,a point-of-sale terminal for a contractor won't boot after the last update,Endpoint,Reimage the device and reapply the standard build for a contractor
INC-400047,a point-of-sale terminal for a support engineer won't boot after the last update,Endpoint,Reimage the device and reapply the standard build for a support engineer
INC-400048,a point-of-sale terminal for a finance analyst won't boot after the last update,Endpoint,Reimage the device and reapply the standard build for a finance analyst
INC-400049,a point-of-sale terminal for a shift supervisor won't boot after the last update,Endpoint,Reimage the device and reapply the standard build for a shift supervisor
INC-400050,a point-of-sale terminal for an IT administrator won't boot after the last update,Endpoint,Reimage the device and reapply the standard build for an IT administrator
INC-400051,a field service tablet for a new hire won't boot after the last update,Endpoint,Reimage the device and reapply the standard build for a new hire
INC-400052,a field service tablet for a field technician won't boot after the last update,Endpoint,Reimage the device and reapply the standard build for a field technician
INC-400053,a field service tablet for an executive won't boot after the last update,Endpoint,Reimage the device and reapply the standard build for an executive
INC-400054,a field service tablet for a warehouse operator won't boot after the last update,Endpoint,Reimage the device and reapply the standard build for a warehouse operator
INC-400055,a field service tablet for a remote employee won't boot after the last update,Endpoint,Reimage the device and reapply the standard build for a remote employee
INC-400056,a field service tablet for a contractor won't boot after the last update,Endpoint,Reimage the device and reapply the standard build for a contractor
INC-400057,a field service tablet for a support engineer won't boot after the last update,Endpoint,Reimage the device and reapply the standard build for a support engineer
INC-400058,a field service tablet for a finance analyst won't boot after the last update,Endpoint,Reimage the device and reapply the standard build for a finance analyst
INC-400059,a field service tablet for a shift supervisor won't boot after the last update,Endpoint,Reimage the device and reapply the standard build for a shift supervisor
INC-400060,a field service tablet for an IT administrator won't boot after the last update,Endpoint,Reimage the device and reapply the standard build for an IT administrator
INC-400061,a warehouse handheld scanner for a new hire won't boot after the last update,Endpoint,Reimage the device and reapply the standard build for a new hire
INC-400062,a warehouse handheld scanner for a field technician won't boot after the last update,Endpoint,Reimage the device and reapply the standard build for a field technician
INC-400063,a warehouse handheld scanner for an executive won't boot after the last update,Endpoint,Reimage the device and reapply the standard build for an executive
INC-400064,a warehouse handheld scanner for a warehouse operator won't boot after the last update,Endpoint,Reimage the device and reapply the standard build for a warehouse operator
INC-400065,a warehouse handheld scanner for a remote employee won't boot after the last update,Endpoint,Reimage the device and reapply the standard build for a remote employee
INC-400066,a warehouse handheld scanner for a contractor won't boot after the last update,Endpoint,Reimage the device and reapply the standard build for a contractor
INC-400067,a warehouse handheld scanner for a support engineer won't boot after the last update,Endpoint,Reimage the device and reapply the standard build for a support engineer
INC-400068,a warehouse handheld scanner for a finance analyst won't boot after the last update,Endpoint,Reimage the device and reapply the standard build for a finance analyst
INC-400069,a warehouse handheld scanner for a shift supervisor won't boot after the last update,Endpoint,Reimage the device and reapply the standard build for a shift supervisor
INC-400070,a warehouse handheld scanner for an IT administrator won't boot after the last update,Endpoint,Reimage the device and reapply the standard build for an IT administrator
INC-400071,a kiosk terminal for a new hire won't boot after the last update,Endpoint,Reimage the device and reapply the standard build for a new hire
INC-400072,a kiosk terminal for a field technician won't boot after the last update,Endpoint,Reimage the device and reapply the standard build for a field technician
INC-400073,a kiosk terminal for an executive won't boot after the last update,Endpoint,Reimage the device and reapply the standard build for an executive
INC-400074,a kiosk terminal for a warehouse operator won't boot after the last update,Endpoint,Reimage the device and reapply the standard build for a warehouse operator
INC-400075,a kiosk terminal for a remote employee won't boot after the last update,Endpoint,Reimage the device and reapply the standard build for a remote employee
INC-400076,a kiosk terminal for a contractor won't boot after the last update,Endpoint,Reimage the device and reapply the standard build for a contractor
INC-400077,a kiosk terminal for a support engineer won't boot after the last update,Endpoint,Reimage the device and reapply the standard build for a support engineer
INC-400078,a kiosk terminal for a finance analyst won't boot after the last update,Endpoint,Reimage the device and reapply the standard build for a finance analyst
INC-400079,a kiosk terminal for a shift supervisor won't boot after the last update,Endpoint,Reimage the device and reapply the standard build for a shift supervisor
INC-400080,a kiosk terminal for an IT administrator won't boot after the last update,Endpoint,Reimage the device and reapply the standard build for an IT administrator
INC-400081,a conference room PC for a new hire won't boot after the last update,Endpoint,Reimage the device and reapply the standard build for a new hire
INC-400082,a conference room PC for a field technician won't boot after the last update,Endpoint,Reimage the device and reapply the standard build for a field technician
INC-400083,a conference room PC for an executive won't boot after the last update,Endpoint,Reimage the device and reapply the standard build for an executive
INC-400084,a conference room PC for a warehouse operator won't boot after the last update,Endpoint,Reimage the device and reapply the standard build for a warehouse operator
INC-400085,a conference room PC for a remote employee won't boot after the last update,Endpoint,Reimage the device and reapply the standard build for a remote employee
INC-400086,a conference room PC for a contractor won't boot after the last update,Endpoint,Reimage the device and reapply the standard build for a contractor
INC-400087,a conference room PC for a support engineer won't boot after the last update,Endpoint,Reimage the device and reapply the standard build for a support engineer
INC-400088,a conference room PC for a finance analyst won't boot after the last update,Endpoint,Reimage the device and reapply the standard build for a finance analyst
INC-400089,a conference room PC for a shift supervisor won't boot after the last update,Endpoint,Reimage the device and reapply the standard build for a shift supervisor
INC-400090,a conference room PC for an IT administrator won't boot after the last update,Endpoint,Reimage the device and reapply the standard build for an IT administrator
INC-400091,a ruggedized laptop for a new hire won't boot after the last update,Endpoint,Reimage the device and reapply the standard build for a new hire
INC-400092,a ruggedized laptop for a field technician won't boot after the last update,Endpoint,Reimage the device and reapply the standard build for a field technician
INC-400093,a ruggedized laptop for an executive won't boot after the last update,Endpoint,Reimage the device and reapply the standard build for an executive
INC-400094,a ruggedized laptop for a warehouse operator won't boot after the last update,Endpoint,Reimage the device and reapply the standard build for a warehouse operator
INC-400095,a ruggedized laptop for a remote employee won't boot after the last update,Endpoint,Reimage the device and reapply the standard build for a remote employee
INC-400096,a ruggedized laptop for a contractor won't boot after the last update,Endpoint,Reimage the device and reapply the standard build for a contractor
INC-400097,a ruggedized laptop for a support engineer won't boot after the last update,Endpoint,Reimage the device and reapply the standard build for a support engineer
INC-400098,a ruggedized laptop for a finance analyst won't boot after the last update,Endpoint,Reimage the device and reapply the standard build for a finance analyst
INC-400099,a ruggedized laptop for a shift supervisor won't boot after the last update,Endpoint,Reimage the device and reapply the standard build for a shift supervisor
INC-400100,a ruggedized laptop for an IT administrator won't boot after the last update,Endpoint,Reimage the device and reapply the standard build for an IT administrator
INC-400101,a call center workstation for a new hire won't boot after the last update,Endpoint,Reimage the device and reapply the standard build for a new hire
INC-400102,a call center workstation for a field technician won't boot after the last update,Endpoint,Reimage the device and reapply the standard build for a field technician
INC-400103,a call center workstation for an executive won't boot after the last update,Endpoint,Reimage the device and reapply the standard build for an executive
INC-400104,a call center workstation for a warehouse operator won't boot after the last update,Endpoint,Reimage the device and reapply the standard build for a warehouse operator
INC-400105,a call center workstation for a remote employee won't boot after the last update,Endpoint,Reimage the device and reapply the standard build for a remote employee
INC-400106,a call center workstation for a contractor won't boot after the last update,Endpoint,Reimage the device and reapply the standard build for a contractor
INC-400107,a call center workstation for a support engineer won't boot after the last update,Endpoint,Reimage the device and reapply the standard build for a support engineer
INC-400108,a call center workstation for a finance analyst won't boot after the last update,Endpoint,Reimage the device and reapply the standard build for a finance analyst
INC-400109,a call center workstation for a shift supervisor won't boot after the last update,Endpoint,Reimage the device and reapply the standard build for a shift supervisor
INC-400110,a call center workstation for an IT administrator won't boot after the last update,Endpoint,Reimage the device and reapply the standard build for an IT administrator
INC-400111,a lab test workstation for a new hire won't boot after the last update,Endpoint,Reimage the device and reapply the standard build for a new hire
INC-400112,a lab test workstation for a field technician won't boot after the last update,Endpoint,Reimage the device and reapply the standard build for a field technician
INC-400113,a lab test workstation for an executive won't boot after the last update,Endpoint,Reimage the device and reapply the standard build for an executive
INC-400114,a lab test workstation for a warehouse operator won't boot after the last update,Endpoint,Reimage the device and reapply the standard build for a warehouse operator
INC-400115,a lab test workstation for a remote employee won't boot after the last update,Endpoint,Reimage the device and reapply the standard build for a remote employee
INC-400116,a lab test workstation for a contractor won't boot after the last update,Endpoint,Reimage the device and reapply the standard build for a contractor
INC-400117,a lab test workstation for a support engineer won't boot after the last update,Endpoint,Reimage the device and reapply the standard build for a support engineer
INC-400118,a lab test workstation for a finance analyst won't boot after the last update,Endpoint,Reimage the device and reapply the standard build for a finance analyst
INC-400119,a lab test workstation for a shift supervisor won't boot after the last update,Endpoint,Reimage the device and reapply the standard build for a shift supervisor
INC-400120,a lab test workstation for an IT administrator won't boot after the last update,Endpoint,Reimage the device and reapply the standard build for an IT administrator
INC-400121,a branch office desktop for a new hire won't boot after the last update,Endpoint,Reimage the device and reapply the standard build for a new hire
INC-400122,a branch office desktop for a field technician won't boot after the last update,Endpoint,Reimage the device and reapply the standard build for a field technician
INC-400123,a branch office desktop for an executive won't boot after the last update,Endpoint,Reimage the device and reapply the standard build for an executive
INC-400124,a branch office desktop for a warehouse operator won't boot after the last update,Endpoint,Reimage the device and reapply the standard build for a warehouse operator
INC-400125,a branch office desktop for a remote employee won't boot after the last update,Endpoint,Reimage the device and reapply the standard build for a remote employee
INC-400126,a branch office desktop for a contractor won't boot after the last update,Endpoint,Reimage the device and reapply the standard build for a contractor
INC-400127,a branch office desktop for a support engineer won't boot after the last update,Endpoint,Reimage the device and reapply the standard build for a support engineer
INC-400128,a branch office desktop for a finance analyst won't boot after the last update,Endpoint,Reimage the device and reapply the standard build for a finance analyst
INC-400129,a branch office desktop for a shift supervisor won't boot after the last update,Endpoint,Reimage the device and reapply the standard build for a shift supervisor
INC-400130,a branch office desktop for an IT administrator won't boot after the last update,Endpoint,Reimage the device and reapply the standard build for an IT administrator
INC-400131,a loaner laptop for a new hire won't boot after the last update,Endpoint,Reimage the device and reapply the standard build for a new hire
INC-400132,a loaner laptop for a field technician won't boot after the last update,Endpoint,Reimage the device and reapply the standard build for a field technician
INC-400133,a loaner laptop for an executive won't boot after the last update,Endpoint,Reimage the device and reapply the standard build for an executive
INC-400134,a loaner laptop for a warehouse operator won't boot after the last update,Endpoint,Reimage the device and reapply the standard build for a warehouse operator
INC-400135,a loaner laptop for a remote employee won't boot after the last update,Endpoint,Reimage the device and reapply the standard build for a remote employee
INC-400136,a loaner laptop for a contractor won't boot after the last update,Endpoint,Reimage the device and reapply the standard build for a contractor
INC-400137,a loaner laptop for a support engineer won't boot after the last update,Endpoint,Reimage the device and reapply the standard build for a support engineer
INC-400138,a loaner laptop for a finance analyst won't boot after the last update,Endpoint,Reimage the device and reapply the standard build for a finance analyst
INC-400139,a loaner laptop for a shift supervisor won't boot after the last update,Endpoint,Reimage the device and reapply the standard build for a shift supervisor
INC-400140,a loaner laptop for an IT administrator won't boot after the last update,Endpoint,Reimage the device and reapply the standard build for an IT administrator
INC-400141,a company laptop for a new hire shows a blue screen error,Endpoint,Roll back the driver and re-run diagnostics on the device for a new hire
INC-400142,a company laptop for a field technician shows a blue screen error,Endpoint,Roll back the driver and re-run diagnostics on the device for a field technician
INC-400143,a company laptop for an executive shows a blue screen error,Endpoint,Roll back the driver and re-run diagnostics on the device for an executive
INC-400144,a company laptop for a warehouse operator shows a blue screen error,Endpoint,Roll back the driver and re-run diagnostics on the device for a warehouse operator
INC-400145,a company laptop for a remote employee shows a blue screen error,Endpoint,Roll back the driver and re-run diagnostics on the device for a remote employee
INC-400146,a company laptop for a contractor shows a blue screen error,Endpoint,Roll back the driver and re-run diagnostics on the device for a contractor
INC-400147,a company laptop for a support engineer shows a blue screen error,Endpoint,Roll back the driver and re-run diagnostics on the device for a support engineer
INC-400148,a company laptop for a finance analyst shows a blue screen error,Endpoint,Roll back the driver and re-run diagnostics on the device for a finance analyst
INC-400149,a company laptop for a shift supervisor shows a blue screen error,Endpoint,Roll back the driver and re-run diagnostics on the device for a shift supervisor
INC-400150,a company laptop for an IT administrator shows a blue screen error,Endpoint,Roll back the driver and re-run diagnostics on the device for an IT administrator
INC-400151,a desktop workstation for a new hire shows a blue screen error,Endpoint,Roll back the driver and re-run diagnostics on the device for a new hire
INC-400152,a desktop workstation for a field technician shows a blue screen error,Endpoint,Roll back the driver and re-run diagnostics on the device for a field technician
INC-400153,a desktop workstation for an executive shows a blue screen error,Endpoint,Roll back the driver and re-run diagnostics on the device for an executive
INC-400154,a desktop workstation for a warehouse operator shows a blue screen error,Endpoint,Roll back the driver and re-run diagnostics on the device for a warehouse operator
INC-400155,a desktop workstation for a remote employee shows a blue screen error,Endpoint,Roll back the driver and re-run diagnostics on the device for a remote employee
INC-400156,a desktop workstation for a contractor shows a blue screen error,Endpoint,Roll back the driver and re-run diagnostics on the device for a contractor
INC-400157,a desktop workstation for a support engineer shows a blue screen error,Endpoint,Roll back the driver and re-run diagnostics on the device for a support engineer
INC-400158,a desktop workstation for a finance analyst shows a blue screen error,Endpoint,Roll back the driver and re-run diagnostics on the device for a finance analyst
INC-400159,a desktop workstation for a shift supervisor shows a blue screen error,Endpoint,Roll back the driver and re-run diagnostics on the device for a shift supervisor
INC-400160,a desktop workstation for an IT administrator shows a blue screen error,Endpoint,Roll back the driver and re-run diagnostics on the device for an IT administrator
INC-400161,a mobile device for a new hire shows a blue screen error,Endpoint,Roll back the driver and re-run diagnostics on the device for a new hire
INC-400162,a mobile device for a field technician shows a blue screen error,Endpoint,Roll back the driver and re-run diagnostics on the device for a field technician
INC-400163,a mobile device for an executive shows a blue screen error,Endpoint,Roll back the driver and re-run diagnostics on the device for an executive
INC-400164,a mobile device for a warehouse operator shows a blue screen error,Endpoint,Roll back the driver and re-run diagnostics on the device for a warehouse operator
INC-400165,a mobile device for a remote employee shows a blue screen error,Endpoint,Roll back the driver and re-run diagnostics on the device for a remote employee
INC-400166,a mobile device for a contractor shows a blue screen error,Endpoint,Roll back the driver and re-run diagnostics on the device for a contractor
INC-400167,a mobile device for a support engineer shows a blue screen error,Endpoint,Roll back the driver and re-run diagnostics on the device for a support engineer
INC-400168,a mobile device for a finance analyst shows a blue screen error,Endpoint,Roll back the driver and re-run diagnostics on the device for a finance analyst
INC-400169,a mobile device for a shift supervisor shows a blue screen error,Endpoint,Roll back the driver and re-run diagnostics on the device for a shift supervisor
INC-400170,a mobile device for an IT administrator shows a blue screen error,Endpoint,Roll back the driver and re-run diagnostics on the device for an IT administrator
INC-400171,a VDI session client for a new hire shows a blue screen error,Endpoint,Roll back the driver and re-run diagnostics on the device for a new hire
INC-400172,a VDI session client for a field technician shows a blue screen error,Endpoint,Roll back the driver and re-run diagnostics on the device for a field technician
INC-400173,a VDI session client for an executive shows a blue screen error,Endpoint,Roll back the driver and re-run diagnostics on the device for an executive
INC-400174,a VDI session client for a warehouse operator shows a blue screen error,Endpoint,Roll back the driver and re-run diagnostics on the device for a warehouse operator
INC-400175,a VDI session client for a remote employee shows a blue screen error,Endpoint,Roll back the driver and re-run diagnostics on the device for a remote employee
INC-400176,a VDI session client for a contractor shows a blue screen error,Endpoint,Roll back the driver and re-run diagnostics on the device for a contractor
INC-400177,a VDI session client for a support engineer shows a blue screen error,Endpoint,Roll back the driver and re-run diagnostics on the device for a support engineer
INC-400178,a VDI session client for a finance analyst shows a blue screen error,Endpoint,Roll back the driver and re-run diagnostics on the device for a finance analyst
INC-400179,a VDI session client for a shift supervisor shows a blue screen error,Endpoint,Roll back the driver and re-run diagnostics on the device for a shift supervisor
INC-400180,a VDI session client for an IT administrator shows a blue screen error,Endpoint,Roll back the driver and re-run diagnostics on the device for an IT administrator
INC-400181,a point-of-sale terminal for a new hire shows a blue screen error,Endpoint,Roll back the driver and re-run diagnostics on the device for a new hire
INC-400182,a point-of-sale terminal for a field technician shows a blue screen error,Endpoint,Roll back the driver and re-run diagnostics on the device for a field technician
INC-400183,a point-of-sale terminal for an executive shows a blue screen error,Endpoint,Roll back the driver and re-run diagnostics on the device for an executive
INC-400184,a point-of-sale terminal for a warehouse operator shows a blue screen error,Endpoint,Roll back the driver and re-run diagnostics on the device for a warehouse operator
INC-400185,a point-of-sale terminal for a remote employee shows a blue screen error,Endpoint,Roll back the driver and re-run diagnostics on the device for a remote employee
INC-400186,a point-of-sale terminal for a contractor shows a blue screen error,Endpoint,Roll back the driver and re-run diagnostics on the device for a contractor
INC-400187,a point-of-sale terminal for a support engineer shows a blue screen error,Endpoint,Roll back the driver and re-run diagnostics on the device for a support engineer
INC-400188,a point-of-sale terminal for a finance analyst shows a blue screen error,Endpoint,Roll back the driver and re-run diagnostics on the device for a finance analyst
INC-400189,a point-of-sale terminal for a shift supervisor shows a blue screen error,Endpoint,Roll back the driver and re-run diagnostics on the device for a shift supervisor
INC-400190,a point-of-sale terminal for an IT administrator shows a blue screen error,Endpoint,Roll back the driver and re-run diagnostics on the device for an IT administrator
INC-400191,a field service tablet for a new hire shows a blue screen error,Endpoint,Roll back the driver and re-run diagnostics on the device for a new hire
INC-400192,a field service tablet for a field technician shows a blue screen error,Endpoint,Roll back the driver and re-run diagnostics on the device for a field technician
INC-400193,a field service tablet for an executive shows a blue screen error,Endpoint,Roll back the driver and re-run diagnostics on the device for an executive
INC-400194,a field service tablet for a warehouse operator shows a blue screen error,Endpoint,Roll back the driver and re-run diagnostics on the device for a warehouse operator
INC-400195,a field service tablet for a remote employee shows a blue screen error,Endpoint,Roll back the driver and re-run diagnostics on the device for a remote employee
INC-400196,a field service tablet for a contractor shows a blue screen error,Endpoint,Roll back the driver and re-run diagnostics on the device for a contractor
INC-2001,VPN disconnects every 10 minutes on Cisco AnyConnect,Network,Update Cisco AnyConnect client and rotate VPN profile
INC-2002,Remote users report high latency when connecting to data center,Network,Reroute traffic through secondary SD-WAN link
INC-2003,Office WiFi drops connection during Teams calls,Network,Adjust access point channel and upgrade controller firmware
INC-2004,DNS lookup failing for internal finance application,Network,Restore internal DNS zone record and flush resolver cache
INC-200001,a remote office user reports Cisco AnyConnect disconnecting every few minutes,Network,Update the client software and rotate the connection profile for Cisco AnyConnect
INC-200002,a branch office employee reports Cisco AnyConnect disconnecting every few minutes,Network,Update the client software and rotate the connection profile for Cisco AnyConnect
INC-200003,an analyst reports Cisco AnyConnect disconnecting every few minutes,Network,Update the client software and rotate the connection profile for Cisco AnyConnect
INC-200004,a new employee reports Cisco AnyConnect disconnecting every few minutes,Network,Update the client software and rotate the connection profile for Cisco AnyConnect
INC-200005,a warehouse worker reports Cisco AnyConnect disconnecting every few minutes,Network,Update the client software and rotate the connection profile for Cisco AnyConnect
INC-200006,an executive reports Cisco AnyConnect disconnecting every few minutes,Network,Update the client software and rotate the connection profile for Cisco AnyConnect
INC-200007,a night-shift operator reports Cisco AnyConnect disconnecting every few minutes,Network,Update the client software and rotate the connection profile for Cisco AnyConnect
INC-200008,a field technician reports Cisco AnyConnect disconnecting every few minutes,Network,Update the client software and rotate the connection profile for Cisco AnyConnect
INC-200009,a contractor reports Cisco AnyConnect disconnecting every few minutes,Network,Update the client software and rotate the connection profile for Cisco AnyConnect
INC-200010,a support engineer reports Cisco AnyConnect disconnecting every few minutes,Network,Update the client software and rotate the connection profile for Cisco AnyConnect
INC-200011,a remote office user reports Palo Alto GlobalProtect disconnecting every few minutes,Network,Update the client software and rotate the connection profile for Palo Alto GlobalProtect
INC-200012,a branch office employee reports Palo Alto GlobalProtect disconnecting every few minutes,Network,Update the client software and rotate the connection profile for Palo Alto GlobalProtect
INC-200013,an analyst reports Palo Alto GlobalProtect disconnecting every few minutes,Network,Update the client software and rotate the connection profile for Palo Alto GlobalProtect
INC-200014,a new employee reports Palo Alto GlobalProtect disconnecting every few minutes,Network,Update the client software and rotate the connection profile for Palo Alto GlobalProtect
INC-200015,a warehouse worker reports Palo Alto GlobalProtect disconnecting every few minutes,Network,Update the client software and rotate the connection profile for Palo Alto GlobalProtect
INC-200016,an executive reports Palo Alto GlobalProtect disconnecting every few minutes,Network,Update the client software and rotate the connection profile for Palo Alto GlobalProtect
INC-200017,a night-shift operator reports Palo Alto GlobalProtect disconnecting every few minutes,Network,Update the client software and rotate the connection profile for Palo Alto GlobalProtect
INC-200018,a field technician reports Palo Alto GlobalProtect disconnecting every few minutes,Network,Update the client software and rotate the connection profile for Palo Alto GlobalProtect
INC-200019,a contractor reports Palo Alto GlobalProtect disconnecting every few minutes,Network,Update the client software and rotate the connection profile for Palo Alto GlobalProtect
INC-200020,a support engineer reports Palo Alto GlobalProtect disconnecting every few minutes,Network,Update the client software and rotate the connection profile for Palo Alto GlobalProtect
INC-200021,a remote office user reports the SD-WAN link disconnecting every few minutes,Network,Update the client software and rotate the connection profile for the SD-WAN link
INC-200022,a branch office employee reports the SD-WAN link disconnecting every few minutes,Network,Update the client software and rotate the connection profile for the SD-WAN link
INC-200023,an analyst reports the SD-WAN link disconnecting every few minutes,Network,Update the client software and rotate the connection profile for the SD-WAN link
INC-200024,a new employee reports the SD-WAN link disconnecting every few minutes,Network,Update the client software and rotate the connection profile for the SD-WAN link
INC-200025,a warehouse worker reports the SD-WAN link disconnecting every few minutes,Network,Update the client software and rotate the connection profile for the SD-WAN link
INC-200026,an executive reports the SD-WAN link disconnecting every few minutes,Network,Update the client software and rotate the connection profile for the SD-WAN link
INC-200027,a night-shift operator reports the SD-WAN link disconnecting every few minutes,Network,Update the client software and rotate the connection profile for the SD-WAN link
INC-200028,a field technician reports the SD-WAN link disconnecting every few minutes,Network,Update the client software and rotate the connection profile for the SD-WAN link
INC-200029,a contractor reports the SD-WAN link disconnecting every few minutes,Network,Update the client software and rotate the connection profile for the SD-WAN link
INC-200030,a support engineer reports the SD-WAN link disconnecting every few minutes,Network,Update the client software and rotate the connection profile for the SD-WAN link
INC-200031,a remote office user reports the office WiFi disconnecting every few minutes,Network,Update the client software and rotate the connection profile for the office WiFi
INC-200032,a branch office employee reports the office WiFi disconnecting every few minutes,Network,Update the client software and rotate the connection profile for the office WiFi
INC-200033,an analyst reports the office WiFi disconnecting every few minutes,Network,Update the client software and rotate the connection profile for the office WiFi
INC-200034,a new employee reports the office WiFi disconnecting every few minutes,Network,Update the client software and rotate the connection profile for the office WiFi
INC-200035,a warehouse worker reports the office WiFi disconnecting every few minutes,Network,Update the client software and rotate the connection profile for the office WiFi
INC-200036,an executive reports the office WiFi disconnecting every few minutes,Network,Update the client software and rotate the connection profile for the office WiFi
INC-200037,a night-shift operator reports the office WiFi disconnecting every few minutes,Network,Update the client software and rotate the connection profile for the office WiFi
INC-200038,a field technician reports the office WiFi disconnecting every few minutes,Network,Update the client software and rotate the connection profile for the office WiFi
INC-200039,a contractor reports the office WiFi disconnecting every few minutes,Network,Update the client software and rotate the connection profile for the office WiFi
INC-200040,a support engineer reports the office WiFi disconnecting every few minutes,Network,Update the client software and rotate the connection profile for the office WiFi
INC-200041,a remote office user reports the branch office firewall disconnecting every few minutes,Network,Update the client software and rotate the connection profile for the branch office firewall
INC-200042,a branch office employee reports the branch office firewall disconnecting every few minutes,Network,Update the client software and rotate the connection profile for the branch office firewall
INC-200043,an analyst reports the branch office firewall disconnecting every few minutes,Network,Update the client software and rotate the connection profile for the branch office firewall
INC-200044,a new employee reports the branch office firewall disconnecting every few minutes,Network,Update the client software and rotate the connection profile for the branch office firewall
INC-200045,a warehouse worker reports the branch office firewall disconnecting every few minutes,Network,Update the client software and rotate the connection profile for the branch office firewall
INC-200046,an executive reports the branch office firewall disconnecting every few minutes,Network,Update the client software and rotate the connection profile for the branch office firewall
INC-200047,a night-shift operator reports the branch office firewall disconnecting every few minutes,Network,Update the client software and rotate the connection profile for the branch office firewall
INC-200048,a field technician reports the branch office firewall disconnecting every few minutes,Network,Update the client software and rotate the connection profile for the branch office firewall
INC-200049,a contractor reports the branch office firewall disconnecting every few minutes,Network,Update the client software and rotate the connection profile for the branch office firewall
INC-200050,a support engineer reports the branch office firewall disconnecting every few minutes,Network,Update the client software and rotate the connection profile for the branch office firewall
INC-200051,a remote office user reports the VPN gateway disconnecting every few minutes,Network,Update the client software and rotate the connection profile for the VPN gateway
INC-200052,a branch office employee reports the VPN gateway disconnecting every few minutes,Network,Update the client software and rotate the connection profile for the VPN gateway
INC-200053,an analyst reports the VPN gateway disconnecting every few minutes,Network,Update the client software and rotate the connection profile for the VPN gateway
INC-200054,a new employee reports the VPN gateway disconnecting every few minutes,Network,Update the client software and rotate the connection profile for the VPN gateway
INC-200055,a warehouse worker reports the VPN gateway disconnecting every few minutes,Network,Update the client software and rotate the connection profile for the VPN gateway
INC-200056,an executive reports the VPN gateway disconnecting every few minutes,Network,Update the client software and rotate the connection profile for the VPN gateway
INC-200057,a night-shift operator reports the VPN gateway disconnecting every few minutes,Network,Update the client software and rotate the connection profile for the VPN gateway
INC-200058,a field technician reports the VPN gateway disconnecting every few minutes,Network,Update the client software and rotate the connection profile for the VPN gateway
INC-200059,a contractor reports the VPN gateway disconnecting every few minutes,Network,Update the client software and rotate the connection profile for the VPN gateway
INC-200060,a support engineer reports the VPN gateway disconnecting every few minutes,Network,Update the client software and rotate the connection profile for the VPN gateway
INC-200061,a remote office user reports the load balancer disconnecting every few minutes,Network,Update the client software and rotate the connection profile for the load balancer
INC-200062,a branch office employee reports the load balancer disconnecting every few minutes,Network,Update the client software and rotate the connection profile for the load balancer
INC-200063,an analyst reports the load balancer disconnecting every few minutes,Network,Update the client software and rotate the connection profile for the load balancer
INC-200064,a new employee reports the load balancer disconnecting every few minutes,Network,Update the client software and rotate the connection profile for the load balancer
INC-200065,a warehouse worker reports the load balancer disconnecting every few minutes,Network,Update the client software and rotate the connection profile for the load balancer
INC-200066,an executive reports the load balancer disconnecting every few minutes,Network,Update the client software and rotate the connection profile for the load balancer
INC-200067,a night-shift operator reports the load balancer disconnecting every few minutes,Network,Update the client software and rotate the connection profile for the load balancer
INC-200068,a field technician reports the load balancer disconnecting every few minutes,Network,Update the client software and rotate the connection profile for the load balancer
INC-200069,a contractor reports the load balancer disconnecting every few minutes,Network,Update the client software and rotate the connection profile for the load balancer
INC-200070,a support engineer reports the load balancer disconnecting every few minutes,Network,Update the client software and rotate the connection profile for the load balancer
INC-200071,a remote office user reports the DNS resolver disconnecting every few minutes,Network,Update the client software and rotate the connection profile for the DNS resolver
INC-200072,a branch office employee reports the DNS resolver disconnecting every few minutes,Network,Update the client software and rotate the connection profile for the DNS resolver
INC-200073,an analyst reports the DNS resolver disconnecting every few minutes,Network,Update the client software and rotate the connection profile for the DNS resolver
INC-200074,a new employee reports the DNS resolver disconnecting every few minutes,Network,Update the client software and rotate the connection profile for the DNS resolver
INC-200075,a warehouse worker reports the DNS resolver disconnecting every few minutes,Network,Update the client software and rotate the connection profile for the DNS resolver
INC-200076,an executive reports the DNS resolver disconnecting every few minutes,Network,Update the client software and rotate the connection profile for the DNS resolver
INC-200077,a night-shift operator reports the DNS resolver disconnecting every few minutes,Network,Update the client software and rotate the connection profile for the DNS resolver
INC-200078,a field technician reports the DNS resolver disconnecting every few minutes,Network,Update the client software and rotate the connection profile for the DNS resolver
INC-200079,a contractor reports the DNS resolver disconnecting every few minutes,Network,Update the client software and rotate the connection profile for the DNS resolver
INC-200080,a support engineer reports the DNS resolver disconnecting every few minutes,Network,Update the client software and rotate the connection profile for the DNS resolver
INC-200081,a remote office user reports the proxy server disconnecting every few minutes,Network,Update the client software and rotate the connection profile for the proxy server
INC-200082,a branch office employee reports the proxy server disconnecting every few minutes,Network,Update the client software and rotate the connection profile for the proxy server
INC-200083,an analyst reports the proxy server disconnecting every few minutes,Network,Update the client software and rotate the connection profile for the proxy server
INC-200084,a new employee reports the proxy server disconnecting every few minutes,Network,Update the client software and rotate the connection profile for the proxy server
INC-200085,a warehouse worker reports the proxy server disconnecting every few minutes,Network,Update the client software and rotate the connection profile for the proxy server
INC-200086,an executive reports the proxy server disconnecting every few minutes,Network,Update the client software and rotate the connection profile for the proxy server
INC-200087,a night-shift operator reports the proxy server disconnecting every few minutes,Network,Update the client software and rotate the connection profile for the proxy server
INC-200088,a field technician reports the proxy server disconnecting every few minutes,Network,Update the client software and rotate the connection profile for the proxy server
INC-200089,a contractor reports the proxy server disconnecting every few minutes,Network,Update the client software and rotate the connection profile for the proxy server
INC-200090,a support engineer reports the proxy server disconnecting every few minutes,Network,Update the client software and rotate the connection profile for the proxy server
INC-200091,a remote office user reports the MPLS circuit disconnecting every few minutes,Network,Update the client software and rotate the connection profile for the MPLS circuit
INC-200092,a branch office employee reports the MPLS circuit disconnecting every few minutes,Network,Update the client software and rotate the connection profile for the MPLS circuit
INC-200093,an analyst reports the MPLS circuit disconnecting every few minutes,Network,Update the client software and rotate the connection profile for the MPLS circuit
INC-200094,a new employee reports the MPLS circuit disconnecting every few minutes,Network,Update the client software and rotate the connection profile for the MPLS circuit
INC-200095,a warehouse worker reports the MPLS circuit disconnecting every few minutes,Network,Update the client software and rotate the connection profile for the MPLS circuit
INC-200096,an executive reports the MPLS circuit disconnecting every few minutes,Network,Update the client software and rotate the connection profile for the MPLS circuit
INC-200097,a night-shift operator reports the MPLS circuit disconnecting every few minutes,Network,Update the client software and rotate the connection profile for the MPLS circuit
INC-200098,a field technician reports the MPLS circuit disconnecting every few minutes,Network,Update the client software and rotate the connection profile for the MPLS circuit
INC-200099,a contractor reports the MPLS circuit disconnecting every few minutes,Network,Update the client software and rotate the connection profile for the MPLS circuit
INC-200100,a support engineer reports the MPLS circuit disconnecting every few minutes,Network,Update the client software and rotate the connection profile for the MPLS circuit
INC-200101,a remote office user reports Zscaler disconnecting every few minutes,Network,Update the client software and rotate the connection profile for Zscaler
INC-200102,a branch office employee reports Zscaler disconnecting every few minutes,Network,Update the client software and rotate the connection profile for Zscaler
INC-200103,an analyst reports Zscaler disconnecting every few minutes,Network,Update the client software and rotate the connection profile for Zscaler
INC-200104,a new employee reports Zscaler disconnecting every few minutes,Network,Update the client software and rotate the connection profile for Zscaler
INC-200105,a warehouse worker reports Zscaler disconnecting every few minutes,Network,Update the client software and rotate the connection profile for Zscaler
INC-200106,an executive reports Zscaler disconnecting every few minutes,Network,Update the client software and rotate the connection profile for Zscaler
INC-200107,a night-shift operator reports Zscaler disconnecting every few minutes,Network,Update the client software and rotate the connection profile for Zscaler
INC-200108,a field technician reports Zscaler disconnecting every few minutes,Network,Update the client software and rotate the connection profile for Zscaler
INC-200109,a contractor reports Zscaler disconnecting every few minutes,Network,Update the client software and rotate the connection profile for Zscaler
INC-200110,a support engineer reports Zscaler disconnecting every few minutes,Network,Update the client software and rotate the connection profile for Zscaler
INC-200111,a remote office user reports the wireless controller disconnecting every few minutes,Network,Update the client software and rotate the connection profile for the wireless controller
INC-200112,a branch office employee reports the wireless controller disconnecting every few minutes,Network,Update the client software and rotate the connection profile for the wireless controller
INC-200113,an analyst reports the wireless controller disconnecting every few minutes,Network,Update the client software and rotate the connection profile for the wireless controller
INC-200114,a new employee reports the wireless controller disconnecting every few minutes,Network,Update the client software and rotate the connection profile for the wireless controller
INC-200115,a warehouse worker reports the wireless controller disconnecting every few minutes,Network,Update the client software and rotate the connection profile for the wireless controller
INC-200116,an executive reports the wireless controller disconnecting every few minutes,Network,Update the client software and rotate the connection profile for the wireless controller
INC-200117,a night-shift operator reports the wireless controller disconnecting every few minutes,Network,Update the client software and rotate the connection profile for the wireless controller
INC-200118,a field technician reports the wireless controller disconnecting every few minutes,Network,Update the client software and rotate the connection profile for the wireless controller
INC-200119,a contractor reports the wireless controller disconnecting every few minutes,Network,Update the client software and rotate the connection profile for the wireless controller
INC-200120,a support engineer reports the wireless controller disconnecting every few minutes,Network,Update the client software and rotate the connection profile for the wireless controller
INC-200121,a remote office user reports the site-to-site tunnel disconnecting every few minutes,Network,Update the client software and rotate the connection profile for the site-to-site tunnel
INC-200122,a branch office employee reports the site-to-site tunnel disconnecting every few minutes,Network,Update the client software and rotate the connection profile for the site-to-site tunnel
INC-200123,an analyst reports the site-to-site tunnel disconnecting every few minutes,Network,Update the client software and rotate the connection profile for the site-to-site tunnel
INC-200124,a new employee reports the site-to-site tunnel disconnecting every few minutes,Network,Update the client software and rotate the connection profile for the site-to-site tunnel
INC-200125,a warehouse worker reports the site-to-site tunnel disconnecting every few minutes,Network,Update the client software and rotate the connection profile for the site-to-site tunnel
INC-200126,an executive reports the site-to-site tunnel disconnecting every few minutes,Network,Update the client software and rotate the connection profile for the site-to-site tunnel
INC-200127,a night-shift operator reports the site-to-site tunnel disconnecting every few minutes,Network,Update the client software and rotate the connection profile for the site-to-site tunnel
INC-200128,a field technician reports the site-to-site tunnel disconnecting every few minutes,Network,Update the client software and rotate the connection profile for the site-to-site tunnel
INC-200129,a contractor reports the site-to-site tunnel disconnecting every few minutes,Network,Update the client software and rotate the connection profile for the site-to-site tunnel
INC-200130,a support engineer reports the site-to-site tunnel disconnecting every few minutes,Network,Update the client software and rotate the connection profile for the site-to-site tunnel
INC-200131,a remote office user reports the network switch stack disconnecting every few minutes,Network,Update the client software and rotate the connection profile for the network switch stack
INC-200132,a branch office employee reports the network switch stack disconnecting every few minutes,Network,Update the client software and rotate the connection profile for the network switch stack
INC-200133,an analyst reports the network switch stack disconnecting every few minutes,Network,Update the client software and rotate the connection profile for the network switch stack
INC-200134,a new employee reports the network switch stack disconnecting every few minutes,Network,Update the client software and rotate the connection profile for the network switch stack
INC-200135,a warehouse worker reports the network switch stack disconnecting every few minutes,Network,Update the client software and rotate the connection profile for the network switch stack
INC-200136,an executive reports the network switch stack disconnecting every few minutes,Network,Update the client software and rotate the connection profile for the network switch stack
INC-200137,a night-shift operator reports the network switch stack disconnecting every few minutes,Network,Update the client software and rotate the connection profile for the network switch stack
INC-200138,a field technician reports the network switch stack disconnecting every few minutes,Network,Update the client software and rotate the connection profile for the network switch stack
INC-200139,a contractor reports the network switch stack disconnecting every few minutes,Network,Update the client software and rotate the connection profile for the network switch stack
INC-200140,a support engineer reports the network switch stack disconnecting every few minutes,Network,Update the client software and rotate the connection profile for the network switch stack
INC-200141,a remote office user experiences packet loss when using Cisco AnyConnect,Network,Validate the routing path and fail over the impacted segment for Cisco AnyConnect
INC-200142,a branch office employee experiences packet loss when using Cisco AnyConnect,Network,Validate the routing path and fail over the impacted segment for Cisco AnyConnect
INC-200143,an analyst experiences packet loss when using Cisco AnyConnect,Network,Validate the routing path and fail over the impacted segment for Cisco AnyConnect
INC-200144,a new employee experiences packet loss when using Cisco AnyConnect,Network,Validate the routing path and fail over the impacted segment for Cisco AnyConnect
INC-200145,a warehouse worker experiences packet loss when using Cisco AnyConnect,Network,Validate the routing path and fail over the impacted segment for Cisco AnyConnect
INC-200146,an executive experiences packet loss when using Cisco AnyConnect,Network,Validate the routing path and fail over the impacted segment for Cisco AnyConnect
INC-200147,a night-shift operator experiences packet loss when using Cisco AnyConnect,Network,Validate the routing path and fail over the impacted segment for Cisco AnyConnect
INC-200148,a field technician experiences packet loss when using Cisco AnyConnect,Network,Validate the routing path and fail over the impacted segment for Cisco AnyConnect
INC-200149,a contractor experiences packet loss when using Cisco AnyConnect,Network,Validate the routing path and fail over the impacted segment for Cisco AnyConnect
INC-200150,a support engineer experiences packet loss when using Cisco AnyConnect,Network,Validate the routing path and fail over the impacted segment for Cisco AnyConnect
INC-200151,a remote office user experiences packet loss when using Palo Alto GlobalProtect,Network,Validate the routing path and fail over the impacted segment for Palo Alto GlobalProtect
INC-200152,a branch office employee experiences packet loss when using Palo Alto GlobalProtect,Network,Validate the routing path and fail over the impacted segment for Palo Alto GlobalProtect
INC-200153,an analyst experiences packet loss when using Palo Alto GlobalProtect,Network,Validate the routing path and fail over the impacted segment for Palo Alto GlobalProtect
INC-200154,a new employee experiences packet loss when using Palo Alto GlobalProtect,Network,Validate the routing path and fail over the impacted segment for Palo Alto GlobalProtect
INC-200155,a warehouse worker experiences packet loss when using Palo Alto GlobalProtect,Network,Validate the routing path and fail over the impacted segment for Palo Alto GlobalProtect
INC-200156,an executive experiences packet loss when using Palo Alto GlobalProtect,Network,Validate the routing path and fail over the impacted segment for Palo Alto GlobalProtect
INC-200157,a night-shift operator experiences packet loss when using Palo Alto GlobalProtect,Network,Validate the routing path and fail over the impacted segment for Palo Alto GlobalProtect
INC-200158,a field technician experiences packet loss when using Palo Alto GlobalProtect,Network,Validate the routing path and fail over the impacted segment for Palo Alto GlobalProtect
INC-200159,a contractor experiences packet loss when using Palo Alto GlobalProtect,Network,Validate the routing path and fail over the impacted segment for Palo Alto GlobalProtect
INC-200160,a support engineer experiences packet loss when using Palo Alto GlobalProtect,Network,Validate the routing path and fail over the impacted segment for Palo Alto GlobalProtect
INC-200161,a remote office user experiences packet loss when using the SD-WAN link,Network,Validate the routing path and fail over the impacted segment for the SD-WAN link
INC-200162,a branch office employee experiences packet loss when using the SD-WAN link,Network,Validate the routing path and fail over the impacted segment for the SD-WAN link
INC-200163,an analyst experiences packet loss when using the SD-WAN link,Network,Validate the routing path and fail over the impacted segment for the SD-WAN link
INC-200164,a new employee experiences packet loss when using the SD-WAN link,Network,Validate the routing path and fail over the impacted segment for the SD-WAN link
INC-200165,a warehouse worker experiences packet loss when using the SD-WAN link,Network,Validate the routing path and fail over the impacted segment for the SD-WAN link
INC-200166,an executive experiences packet loss when using the SD-WAN link,Network,Validate the routing path and fail over the impacted segment for the SD-WAN link
INC-200167,a night-shift operator experiences packet loss when using the SD-WAN link,Network,Validate the routing path and fail over the impacted segment for the SD-WAN link
INC-200168,a field technician experiences packet loss when using the SD-WAN link,Network,Validate the routing path and fail over the impacted segment for the SD-WAN link
INC-200169,a contractor experiences packet loss when using the SD-WAN link,Network,Validate the routing path and fail over the impacted segment for the SD-WAN link
INC-200170,a support engineer experiences packet loss when using the SD-WAN link,Network,Validate the routing path and fail over the impacted segment for the SD-WAN link
INC-200171,a remote office user experiences packet loss when using the office WiFi,Network,Validate the routing path and fail over the impacted segment for the office WiFi
INC-200172,a branch office employee experiences packet loss when using the office WiFi,Network,Validate the routing path and fail over the impacted segment for the office WiFi
INC-200173,an analyst experiences packet loss when using the office WiFi,Network,Validate the routing path and fail over the impacted segment for the office WiFi
INC-200174,a new employee experiences packet loss when using the office WiFi,Network,Validate the routing path and fail over the impacted segment for the office WiFi
INC-200175,a warehouse worker experiences packet loss when using the office WiFi,Network,Validate the routing path and fail over the impacted segment for the office WiFi
INC-200176,an executive experiences packet loss when using the office WiFi,Network,Validate the routing path and fail over the impacted segment for the office WiFi
INC-200177,a night-shift operator experiences packet loss when using the office WiFi,Network,Validate the routing path and fail over the impacted segment for the office WiFi
INC-200178,a field technician experiences packet loss when using the office WiFi,Network,Validate the routing path and fail over the impacted segment for the office WiFi
INC-200179,a contractor experiences packet loss when using the office WiFi,Network,Validate the routing path and fail over the impacted segment for the office WiFi
INC-200180,a support engineer experiences packet loss when using the office WiFi,Network,Validate the routing path and fail over the impacted segment for the office WiFi
INC-200181,a remote office user experiences packet loss when using the branch office firewall,Network,Validate the routing path and fail over the impacted segment for the branch office firewall
INC-200182,a branch office employee experiences packet loss when using the branch office firewall,Network,Validate the routing path and fail over the impacted segment for the branch office firewall
INC-200183,an analyst experiences packet loss when using the branch office firewall,Network,Validate the routing path and fail over the impacted segment for the branch office firewall
INC-200184,a new employee experiences packet loss when using the branch office firewall,Network,Validate the routing path and fail over the impacted segment for the branch office firewall
INC-200185,a warehouse worker experiences packet loss when using the branch office firewall,Network,Validate the routing path and fail over the impacted segment for the branch office firewall
INC-200186,an executive experiences packet loss when using the branch office firewall,Network,Validate the routing path and fail over the impacted segment for the branch office firewall
INC-200187,a night-shift operator experiences packet loss when using the branch office firewall,Network,Validate the routing path and fail over the impacted segment for the branch office firewall
INC-200188,a field technician experiences packet loss when using the branch office firewall,Network,Validate the routing path and fail over the impacted segment for the branch office firewall
INC-200189,a contractor experiences packet loss when using the branch office firewall,Network,Validate the routing path and fail over the impacted segment for the branch office firewall
INC-200190,a support engineer experiences packet loss when using the branch office firewall,Network,Validate the routing path and fail over the impacted segment for the branch office firewall
INC-200191,a remote office user experiences packet loss when using the VPN gateway,Network,Validate the routing path and fail over the impacted segment for the VPN gateway
INC-200192,a branch office employee experiences packet loss when using the VPN gateway,Network,Validate the routing path and fail over the impacted segment for the VPN gateway
INC-200193,an analyst experiences packet loss when using the VPN gateway,Network,Validate the routing path and fail over the impacted segment for the VPN gateway
INC-200194,a new employee experiences packet loss when using the VPN gateway,Network,Validate the routing path and fail over the impacted segment for the VPN gateway
INC-200195,a warehouse worker experiences packet loss when using the VPN gateway,Network,Validate the routing path and fail over the impacted segment for the VPN gateway
INC-200196,an executive experiences packet loss when using the VPN gateway,Network,Validate the routing path and fail over the impacted segment for the VPN gateway
