article_id,title,category,content
KB-301,Recover failed enterprise batch jobs,Application,Procedure to inspect scheduler logs restart failed jobs replay queue messages and validate downstream completion.
KB-302,Rollback application deployment after HTTP 500 errors,Application,Deployment rollback checklist for service errors including logs health probes queue depth and smoke tests.
KB-300001,Troubleshoot the payroll batch job timeout and crash errors during month-end close,Application,"Checklist for diagnosing timeouts, memory leaks, and crash loops in the payroll batch job during month-end close."
KB-300002,Troubleshoot the payroll batch job timeout and crash errors during peak traffic,Application,"Checklist for diagnosing timeouts, memory leaks, and crash loops in the payroll batch job during peak traffic."
KB-300003,Troubleshoot the payroll batch job timeout and crash errors after a deployment,Application,"Checklist for diagnosing timeouts, memory leaks, and crash loops in the payroll batch job after a deployment."
KB-300004,Troubleshoot the payroll batch job timeout and crash errors during a schema migration,Application,"Checklist for diagnosing timeouts, memory leaks, and crash loops in the payroll batch job during a schema migration."
KB-300005,Troubleshoot the payroll batch job timeout and crash errors during quarter close,Application,"Checklist for diagnosing timeouts, memory leaks, and crash loops in the payroll batch job during quarter close."
KB-300006,Troubleshoot the payroll batch job timeout and crash errors for the nightly batch window,Application,"Checklist for diagnosing timeouts, memory leaks, and crash loops in the payroll batch job for the nightly batch window."
KB-300007,Troubleshoot the payroll batch job timeout and crash errors during a marketing campaign,Application,"Checklist for diagnosing timeouts, memory leaks, and crash loops in the payroll batch job during a marketing campaign."
KB-300008,Troubleshoot the payroll batch job timeout and crash errors for partner integrations,Application,"Checklist for diagnosing timeouts, memory leaks, and crash loops in the payroll batch job for partner integrations."
KB-300009,Troubleshoot the payroll batch job timeout and crash errors after a dependency upgrade,Application,"Checklist for diagnosing timeouts, memory leaks, and crash loops in the payroll batch job after a dependency upgrade."
KB-300010,Troubleshoot the payroll batch job timeout and crash errors for multi-region deployments,Application,"Checklist for diagnosing timeouts, memory leaks, and crash loops in the payroll batch job for multi-region deployments."
KB-300011,Troubleshoot the payroll batch job timeout and crash errors during a scheduled failover,Application,"Checklist for diagnosing timeouts, memory leaks, and crash loops in the payroll batch job during a scheduled failover."
KB-300012,Troubleshoot the payroll batch job timeout and crash errors for high-volume tenants,Application,"Checklist for diagnosing timeouts, memory leaks, and crash loops in the payroll batch job for high-volume tenants."
KB-300013,Troubleshoot the payroll batch job timeout and crash errors after a configuration rollout,Application,"Checklist for diagnosing timeouts, memory leaks, and crash loops in the payroll batch job after a configuration rollout."
KB-300014,Troubleshoot the payroll batch job timeout and crash errors during a load test,Application,"Checklist for diagnosing timeouts, memory leaks, and crash loops in the payroll batch job during a load test."
KB-300015,Troubleshoot the payroll batch job timeout and crash errors for legacy API consumers,Application,"Checklist for diagnosing timeouts, memory leaks, and crash loops in the payroll batch job for legacy API consumers."
KB-300016,Troubleshoot the payroll batch job timeout and crash errors after a database migration,Application,"Checklist for diagnosing timeouts, memory leaks, and crash loops in the payroll batch job after a database migration."
KB-300017,Troubleshoot the payroll batch job timeout and crash errors during a canary release,Application,"Checklist for diagnosing timeouts, memory leaks, and crash loops in the payroll batch job during a canary release."
KB-300018,Troubleshoot the payroll batch job timeout and crash errors for background job processing,Application,"Checklist for diagnosing timeouts, memory leaks, and crash loops in the payroll batch job for background job processing."
KB-300019,Troubleshoot the payroll batch job timeout and crash errors after a certificate rotation,Application,"Checklist for diagnosing timeouts, memory leaks, and crash loops in the payroll batch job after a certificate rotation."
KB-300020,Troubleshoot the payroll batch job timeout and crash errors for third-party webhook consumers,Application,"Checklist for diagnosing timeouts, memory leaks, and crash loops in the payroll batch job for third-party webhook consumers."
KB-300021,Troubleshoot the order management API timeout and crash errors during month-end close,Application,"Checklist for diagnosing timeouts, memory leaks, and crash loops in the order management API during month-end close."
KB-300022,Troubleshoot the order management API timeout and crash errors during peak traffic,Application,"Checklist for diagnosing timeouts, memory leaks, and crash loops in the order management API during peak traffic."
KB-300023,Troubleshoot the order management API timeout and crash errors after a deployment,Application,"Checklist for diagnosing timeouts, memory leaks, and crash loops in the order management API after a deployment."
KB-300024,Troubleshoot the order management API timeout and crash errors during a schema migration,Application,"Checklist for diagnosing timeouts, memory leaks, and crash loops in the order management API during a schema migration."
KB-300025,Troubleshoot the order management API timeout and crash errors during quarter close,Application,"Checklist for diagnosing timeouts, memory leaks, and crash loops in the order management API during quarter close."
KB-300026,Troubleshoot the order management API timeout and crash errors for the nightly batch window,Application,"Checklist for diagnosing timeouts, memory leaks, and crash loops in the order management API for the nightly batch window."
KB-300027,Troubleshoot the order management API timeout and crash errors during a marketing campaign,Application,"Checklist for diagnosing timeouts, memory leaks, and crash loops in the order management API during a marketing campaign."
KB-300028,Troubleshoot the order management API timeout and crash errors for partner integrations,Application,"Checklist for diagnosing timeouts, memory leaks, and crash loops in the order management API for partner integrations."
KB-300029,Troubleshoot the order management API timeout and crash errors after a dependency upgrade,Application,"Checklist for diagnosing timeouts, memory leaks, and crash loops in the order management API after a dependency upgrade."
KB-300030,Troubleshoot the order management API timeout and crash errors for multi-region deployments,Application,"Checklist for diagnosing timeouts, memory leaks, and crash loops in the order management API for multi-region deployments."
KB-300031,Troubleshoot the order management API timeout and crash errors during a scheduled failover,Application,"Checklist for diagnosing timeouts, memory leaks, and crash loops in the order management API during a scheduled failover."
KB-300032,Troubleshoot the order management API timeout and crash errors for high-volume tenants,Application,"Checklist for diagnosing timeouts, memory leaks, and crash loops in the order management API for high-volume tenants."
KB-300033,Troubleshoot the order management API timeout and crash errors after a configuration rollout,Application,"Checklist for diagnosing timeouts, memory leaks, and crash loops in the order management API after a configuration rollout."
KB-300034,Troubleshoot the order management API timeout and crash errors during a load test,Application,"Checklist for diagnosing timeouts, memory leaks, and crash loops in the order management API during a load test."
KB-300035,Troubleshoot the order management API timeout and crash errors for legacy API consumers,Application,"Checklist for diagnosing timeouts, memory leaks, and crash loops in the order management API for legacy API consumers."
KB-300036,Troubleshoot the order management API timeout and crash errors after a database migration,Application,"Checklist for diagnosing timeouts, memory leaks, and crash loops in the order management API after a database migration."
KB-300037,Troubleshoot the order management API timeout and crash errors during a canary release,Application,"Checklist for diagnosing timeouts, memory leaks, and crash loops in the order management API during a canary release."
KB-300038,Troubleshoot the order management API timeout and crash errors for background job processing,Application,"Checklist for diagnosing timeouts, memory leaks, and crash loops in the order management API for background job processing."
KB-300039,Troubleshoot the order management API timeout and crash errors after a certificate rotation,Application,"Checklist for diagnosing timeouts, memory leaks, and crash loops in the order management API after a certificate rotation."
KB-300040,Troubleshoot the order management API timeout and crash errors for third-party webhook consumers,Application,"Checklist for diagnosing timeouts, memory leaks, and crash loops in the order management API for third-party webhook consumers."
KB-300041,Troubleshoot the inventory sync service timeout and crash errors during month-end close,Application,"Checklist for diagnosing timeouts, memory leaks, and crash loops in the inventory sync service during month-end close."
KB-300042,Troubleshoot the inventory sync service timeout and crash errors during peak traffic,Application,"Checklist for diagnosing timeouts, memory leaks, and crash loops in the inventory sync service during peak traffic."
KB-300043,Troubleshoot the inventory sync service timeout and crash errors after a deployment,Application,"Checklist for diagnosing timeouts, memory leaks, and crash loops in the inventory sync service after a deployment."
KB-300044,Troubleshoot the inventory sync service timeout and crash errors during a schema migration,Application,"Checklist for diagnosing timeouts, memory leaks, and crash loops in the inventory sync service during a schema migration."
KB-300045,Troubleshoot the inventory sync service timeout and crash errors during quarter close,Application,"Checklist for diagnosing timeouts, memory leaks, and crash loops in the inventory sync service during quarter close."
KB-300046,Troubleshoot the inventory sync service timeout and crash errors for the nightly batch window,Application,"Checklist for diagnosing timeouts, memory leaks, and crash loops in the inventory sync service for the nightly batch window."
KB-300047,Troubleshoot the inventory sync service timeout and crash errors during a marketing campaign,Application,"Checklist for diagnosing timeouts, memory leaks, and crash loops in the inventory sync service during a marketing campaign."
KB-300048,Troubleshoot the inventory sync service timeout and crash errors for partner integrations,Application,"Checklist for diagnosing timeouts, memory leaks, and crash loops in the inventory sync service for partner integrations."
KB-300049,Troubleshoot the inventory sync service timeout and crash errors after a dependency upgrade,Application,"Checklist for diagnosing timeouts, memory leaks, and crash loops in the inventory sync service after a dependency upgrade."
KB-300050,Troubleshoot the inventory sync service timeout and crash errors for multi-region deployments,Application,"Checklist for diagnosing timeouts, memory leaks, and crash loops in the inventory sync service for multi-region deployments."
KB-300051,Troubleshoot the inventory sync service timeout and crash errors during a scheduled failover,Application,"Checklist for diagnosing timeouts, memory leaks, and crash loops in the inventory sync service during a scheduled failover."
KB-300052,Troubleshoot the inventory sync service timeout and crash errors for high-volume tenants,Application,"Checklist for diagnosing timeouts, memory leaks, and crash loops in the inventory sync service for high-volume tenants."
KB-300053,Troubleshoot the inventory sync service timeout and crash errors after a configuration rollout,Application,"Checklist for diagnosing timeouts, memory leaks, and crash loops in the inventory sync service after a configuration rollout."
KB-300054,Troubleshoot the inventory sync service timeout and crash errors during a load test,Application,"Checklist for diagnosing timeouts, memory leaks, and crash loops in the inventory sync service during a load test."
KB-300055,Troubleshoot the inventory sync service timeout and crash errors for legacy API consumers,Application,"Checklist for diagnosing timeouts, memory leaks, and crash loops in the inventory sync service for legacy API consumers."
KB-300056,Troubleshoot the inventory sync service timeout and crash errors after a database migration,Application,"Checklist for diagnosing timeouts, memory leaks, and crash loops in the inventory sync service after a database migration."
KB-300057,Troubleshoot the inventory sync service timeout and crash errors during a canary release,Application,"Checklist for diagnosing timeouts, memory leaks, and crash loops in the inventory sync service during a canary release."
KB-300058,Troubleshoot the inventory sync service timeout and crash errors for background job processing,Application,"Checklist for diagnosing timeouts, memory leaks, and crash loops in the inventory sync service for background job processing."
KB-300059,Troubleshoot the inventory sync service timeout and crash errors after a certificate rotation,Application,"Checklist for diagnosing timeouts, memory leaks, and crash loops in the inventory sync service after a certificate rotation."
KB-300060,Troubleshoot the inventory sync service timeout and crash errors for third-party webhook consumers,Application,"Checklist for diagnosing timeouts, memory leaks, and crash loops in the inventory sync service for third-party webhook consumers."
KB-300061,Troubleshoot the reporting pipeline timeout and crash errors during month-end close,Application,"Checklist for diagnosing timeouts, memory leaks, and crash loops in the reporting pipeline during month-end close."
KB-300062,Troubleshoot the reporting pipeline timeout and crash errors during peak traffic,Application,"Checklist for diagnosing timeouts, memory leaks, and crash loops in the reporting pipeline during peak traffic."
KB-300063,Troubleshoot the reporting pipeline timeout and crash errors after a deployment,Application,"Checklist for diagnosing timeouts, memory leaks, and crash loops in the reporting pipeline after a deployment."
KB-300064,Troubleshoot the reporting pipeline timeout and crash errors during a schema migration,Application,"Checklist for diagnosing timeouts, memory leaks, and crash loops in the reporting pipeline during a schema migration."
KB-300065,Troubleshoot the reporting pipeline timeout and crash errors during quarter close,Application,"Checklist for diagnosing timeouts, memory leaks, and crash loops in the reporting pipeline during quarter close."
KB-300066,Troubleshoot the reporting pipeline timeout and crash errors for the nightly batch window,Application,"Checklist for diagnosing timeouts, memory leaks, and crash loops in the reporting pipeline for the nightly batch window."
KB-300067,Troubleshoot the reporting pipeline timeout and crash errors during a marketing campaign,Application,"Checklist for diagnosing timeouts, memory leaks, and crash loops in the reporting pipeline during a marketing campaign."
KB-300068,Troubleshoot the reporting pipeline timeout and crash errors for partner integrations,Application,"Checklist for diagnosing timeouts, memory leaks, and crash loops in the reporting pipeline for partner integrations."
KB-300069,Troubleshoot the reporting pipeline timeout and crash errors after a dependency upgrade,Application,"Checklist for diagnosing timeouts, memory leaks, and crash loops in the reporting pipeline after a dependency upgrade."
KB-300070,Troubleshoot the reporting pipeline timeout and crash errors for multi-region deployments,Application,"Checklist for diagnosing timeouts, memory leaks, and crash loops in the reporting pipeline for multi-region deployments."
KB-300071,Troubleshoot the reporting pipeline timeout and crash errors during a scheduled failover,Application,"Checklist for diagnosing timeouts, memory leaks, and crash loops in the reporting pipeline during a scheduled failover."
KB-300072,Troubleshoot the reporting pipeline timeout and crash errors for high-volume tenants,Application,"Checklist for diagnosing timeouts, memory leaks, and crash loops in the reporting pipeline for high-volume tenants."
KB-300073,Troubleshoot the reporting pipeline timeout and crash errors after a configuration rollout,Application,"Checklist for diagnosing timeouts, memory leaks, and crash loops in the reporting pipeline after a configuration rollout."
KB-300074,Troubleshoot the reporting pipeline timeout and crash errors during a load test,Application,"Checklist for diagnosing timeouts, memory leaks, and crash loops in the reporting pipeline during a load test."
KB-300075,Troubleshoot the reporting pipeline timeout and crash errors for legacy API consumers,Application,"Checklist for diagnosing timeouts, memory leaks, and crash loops in the reporting pipeline for legacy API consumers."
KB-300076,Troubleshoot the reporting pipeline timeout and crash errors after a database migration,Application,"Checklist for diagnosing timeouts, memory leaks, and crash loops in the reporting pipeline after a database migration."
KB-300077,Troubleshoot the reporting pipeline timeout and crash errors during a canary release,Application,"Checklist for diagnosing timeouts, memory leaks, and crash loops in the reporting pipeline during a canary release."
KB-300078,Troubleshoot the reporting pipeline timeout and crash errors for background job processing,Application,"Checklist for diagnosing timeouts, memory leaks, and crash loops in the reporting pipeline for background job processing."
KB-300079,Troubleshoot the reporting pipeline timeout and crash errors after a certificate rotation,Application,"Checklist for diagnosing timeouts, memory leaks, and crash loops in the reporting pipeline after a certificate rotation."
KB-300080,Troubleshoot the reporting pipeline timeout and crash errors for third-party webhook consumers,Application,"Checklist for diagnosing timeouts, memory leaks, and crash loops in the reporting pipeline for third-party webhook consumers."
KB-300081,Troubleshoot the ETL job timeout and crash errors during month-end close,Application,"Checklist for diagnosing timeouts, memory leaks, and crash loops in the ETL job during month-end close."
KB-300082,Troubleshoot the ETL job timeout and crash errors during peak traffic,Application,"Checklist for diagnosing timeouts, memory leaks, and crash loops in the ETL job during peak traffic."
KB-300083,Troubleshoot the ETL job timeout and crash errors after a deployment,Application,"Checklist for diagnosing timeouts, memory leaks, and crash loops in the ETL job after a deployment."
KB-300084,Troubleshoot the ETL job timeout and crash errors during a schema migration,Application,"Checklist for diagnosing timeouts, memory leaks, and crash loops in the ETL job during a schema migration."
KB-300085,Troubleshoot the ETL job timeout and crash errors during quarter close,Application,"Checklist for diagnosing timeouts, memory leaks, and crash loops in the ETL job during quarter close."
KB-300086,Troubleshoot the ETL job timeout and crash errors for the nightly batch window,Application,"Checklist for diagnosing timeouts, memory leaks, and crash loops in the ETL job for the nightly batch window."
KB-300087,Troubleshoot the ETL job timeout and crash errors during a marketing campaign,Application,"Checklist for diagnosing timeouts, memory leaks, and crash loops in the ETL job during a marketing campaign."
KB-300088,Troubleshoot the ETL job timeout and crash errors for partner integrations,Application,"Checklist for diagnosing timeouts, memory leaks, and crash loops in the ETL job for partner integrations."
KB-300089,Troubleshoot the ETL job timeout and crash errors after a dependency upgrade,Application,"Checklist for diagnosing timeouts, memory leaks, and crash loops in the ETL job after a dependency upgrade."
KB-300090,Troubleshoot the ETL job timeout and crash errors for multi-region deployments,Application,"Checklist for diagnosing timeouts, memory leaks, and crash loops in the ETL job for multi-region deployments."
KB-300091,Troubleshoot the ETL job timeout and crash errors during a scheduled failover,Application,"Checklist for diagnosing timeouts, memory leaks, and crash loops in the ETL job during a scheduled failover."
KB-300092,Troubleshoot the ETL job timeout and crash errors for high-volume tenants,Application,"Checklist for diagnosing timeouts, memory leaks, and crash loops in the ETL job for high-volume tenants."
KB-300093,Troubleshoot the ETL job timeout and crash errors after a configuration rollout,Application,"Checklist for diagnosing timeouts, memory leaks, and crash loops in the ETL job after a configuration rollout."
KB-300094,Troubleshoot the ETL job timeout and crash errors during a load test,Application,"Checklist for diagnosing timeouts, memory leaks, and crash loops in the ETL job during a load test."
KB-300095,Troubleshoot the ETL job timeout and crash errors for legacy API consumers,Application,"Checklist for diagnosing timeouts, memory leaks, and crash loops in the ETL job for legacy API consumers."
KB-300096,Troubleshoot the ETL job timeout and crash errors after a database migration,Application,"Checklist for diagnosing timeouts, memory leaks, and crash loops in the ETL job after a database migration."
KB-300097,Troubleshoot the ETL job timeout and crash errors during a canary release,Application,"Checklist for diagnosing timeouts, memory leaks, and crash loops in the ETL job during a canary release."
KB-300098,Troubleshoot the ETL job timeout and crash errors for background job processing,Application,"Checklist for diagnosing timeouts, memory leaks, and crash loops in the ETL job for background job processing."
KB-300099,Troubleshoot the ETL job timeout and crash errors after a certificate rotation,Application,"Checklist for diagnosing timeouts, memory leaks, and crash loops in the ETL job after a certificate rotation."
KB-300100,Troubleshoot the ETL job timeout and crash errors for third-party webhook consumers,Application,"Checklist for diagnosing timeouts, memory leaks, and crash loops in the ETL job for third-party webhook consumers."
KB-300101,Troubleshoot the CRM sync job timeout and crash errors during month-end close,Application,"Checklist for diagnosing timeouts, memory leaks, and crash loops in the CRM sync job during month-end close."
KB-300102,Troubleshoot the CRM sync job timeout and crash errors during peak traffic,Application,"Checklist for diagnosing timeouts, memory leaks, and crash loops in the CRM sync job during peak traffic."
KB-300103,Troubleshoot the CRM sync job timeout and crash errors after a deployment,Application,"Checklist for diagnosing timeouts, memory leaks, and crash loops in the CRM sync job after a deployment."
KB-300104,Troubleshoot the CRM sync job timeout and crash errors during a schema migration,Application,"Checklist for diagnosing timeouts, memory leaks, and crash loops in the CRM sync job during a schema migration."
KB-300105,Troubleshoot the CRM sync job timeout and crash errors during quarter close,Application,"Checklist for diagnosing timeouts, memory leaks, and crash loops in the CRM sync job during quarter close."
KB-300106,Troubleshoot the CRM sync job timeout and crash errors for the nightly batch window,Application,"Checklist for diagnosing timeouts, memory leaks, and crash loops in the CRM sync job for the nightly batch window."
KB-300107,Troubleshoot the CRM sync job timeout and crash errors during a marketing campaign,Application,"Checklist for diagnosing timeouts, memory leaks, and crash loops in the CRM sync job during a marketing campaign."
KB-300108,Troubleshoot the CRM sync job timeout and crash errors for partner integrations,Application,"Checklist for diagnosing timeouts, memory leaks, and crash loops in the CRM sync job for partner integrations."
KB-300109,Troubleshoot the CRM sync job timeout and crash errors after a dependency upgrade,Application,"Checklist for diagnosing timeouts, memory leaks, and crash loops in the CRM sync job after a dependency upgrade."
KB-300110,Troubleshoot the CRM sync job timeout and crash errors for multi-region deployments,Application,"Checklist for diagnosing timeouts, memory leaks, and crash loops in the CRM sync job for multi-region deployments."
KB-300111,Troubleshoot the CRM sync job timeout and crash errors during a scheduled failover,Application,"Checklist for diagnosing timeouts, memory leaks, and crash loops in the CRM sync job during a scheduled failover."
KB-300112,Troubleshoot the CRM sync job timeout and crash errors for high-volume tenants,Application,"Checklist for diagnosing timeouts, memory leaks, and crash loops in the CRM sync job for high-volume tenants."
KB-300113,Troubleshoot the CRM sync job timeout and crash errors after a configuration rollout,Application,"Checklist for diagnosing timeouts, memory leaks, and crash loops in the CRM sync job after a configuration rollout."
KB-300114,Troubleshoot the CRM sync job timeout and crash errors during a load test,Application,"Checklist for diagnosing timeouts, memory leaks, and crash loops in the CRM sync job during a load test."
KB-300115,Troubleshoot the CRM sync job timeout and crash errors for legacy API consumers,Application,"Checklist for diagnosing timeouts, memory leaks, and crash loops in the CRM sync job for legacy API consumers."
KB-300116,Troubleshoot the CRM sync job timeout and crash errors after a database migration,Application,"Checklist for diagnosing timeouts, memory leaks, and crash loops in the CRM sync job after a database migration."
KB-300117,Troubleshoot the CRM sync job timeout and crash errors during a canary release,Application,"Checklist for diagnosing timeouts, memory leaks, and crash loops in the CRM sync job during a canary release."
KB-300118,Troubleshoot the CRM sync job timeout and crash errors for background job processing,Application,"Checklist for diagnosing timeouts, memory leaks, and crash loops in the CRM sync job for background job processing."
KB-300119,Troubleshoot the CRM sync job timeout and crash errors after a certificate rotation,Application,"Checklist for diagnosing timeouts, memory leaks, and crash loops in the CRM sync job after a certificate rotation."
KB-300120,Troubleshoot the CRM sync job timeout and crash errors for third-party webhook consumers,Application,"Checklist for diagnosing timeouts, memory leaks, and crash loops in the CRM sync job for third-party webhook consumers."
KB-300121,Troubleshoot the invoicing service timeout and crash errors during month-end close,Application,"Checklist for diagnosing timeouts, memory leaks, and crash loops in the invoicing service during month-end close."
KB-300122,Troubleshoot the invoicing service timeout and crash errors during peak traffic,Application,"Checklist for diagnosing timeouts, memory leaks, and crash loops in the invoicing service during peak traffic."
KB-300123,Troubleshoot the invoicing service timeout and crash errors after a deployment,Application,"Checklist for diagnosing timeouts, memory leaks, and crash loops in the invoicing service after a deployment."
KB-300124,Troubleshoot the invoicing service timeout and crash errors during a schema migration,Application,"Checklist for diagnosing timeouts, memory leaks, and crash loops in the invoicing service during a schema migration."
KB-300125,Troubleshoot the invoicing service timeout and crash errors during quarter close,Application,"Checklist for diagnosing timeouts, memory leaks, and crash loops in the invoicing service during quarter close."
KB-300126,Troubleshoot the invoicing service timeout and crash errors for the nightly batch window,Application,"Checklist for diagnosing timeouts, memory leaks, and crash loops in the invoicing service for the nightly batch window."
KB-300127,Troubleshoot the invoicing service timeout and crash errors during a marketing campaign,Application,"Checklist for diagnosing timeouts, memory leaks, and crash loops in the invoicing service during a marketing campaign."
KB-300128,Troubleshoot the invoicing service timeout and crash errors for partner integrations,Application,"Checklist for diagnosing timeouts, memory leaks, and crash loops in the invoicing service for partner integrations."
KB-300129,Troubleshoot the invoicing service timeout and crash errors after a dependency upgrade,Application,"Checklist for diagnosing timeouts, memory leaks, and crash loops in the invoicing service after a dependency upgrade."
KB-300130,Troubleshoot the invoicing service timeout and crash errors for multi-region deployments,Application,"Checklist for diagnosing timeouts, memory leaks, and crash loops in the invoicing service for multi-region deployments."
KB-300131,Troubleshoot the invoicing service timeout and crash errors during a scheduled failover,Application,"Checklist for diagnosing timeouts, memory leaks, and crash loops in the invoicing service during a scheduled failover."
KB-300132,Troubleshoot the invoicing service timeout and crash errors for high-volume tenants,Application,"Checklist for diagnosing timeouts, memory leaks, and crash loops in the invoicing service for high-volume tenants."
KB-300133,Troubleshoot the invoicing service timeout and crash errors after a configuration rollout,Application,"Checklist for diagnosing timeouts, memory leaks, and crash loops in the invoicing service after a configuration rollout."
KB-300134,Troubleshoot the invoicing service timeout and crash errors during a load test,Application,"Checklist for diagnosing timeouts, memory leaks, and crash loops in the invoicing service during a load test."
KB-300135,Troubleshoot the invoicing service timeout and crash errors for legacy API consumers,Application,"Checklist for diagnosing timeouts, memory leaks, and crash loops in the invoicing service for legacy API consumers."
KB-300136,Troubleshoot the invoicing service timeout and crash errors after a database migration,Application,"Checklist for diagnosing timeouts, memory leaks, and crash loops in the invoicing service after a database migration."
KB-300137,Troubleshoot the invoicing service timeout and crash errors during a canary release,Application,"Checklist for diagnosing timeouts, memory leaks, and crash loops in the invoicing service during a canary release."
KB-300138,Troubleshoot the invoicing service timeout and crash errors for background job processing,Application,"Checklist for diagnosing timeouts, memory leaks, and crash loops in the invoicing service for background job processing."
KB-300139,Troubleshoot the invoicing service timeout and crash errors after a certificate rotation,Application,"Checklist for diagnosing timeouts, memory leaks, and crash loops in the invoicing service after a certificate rotation."
KB-300140,Troubleshoot the invoicing service timeout and crash errors for third-party webhook consumers,Application,"Checklist for diagnosing timeouts, memory leaks, and crash loops in the invoicing service for third-party webhook consumers."
KB-300141,Troubleshoot the e-commerce checkout flow timeout and crash errors during month-end close,Application,"Checklist for diagnosing timeouts, memory leaks, and crash loops in the e-commerce checkout flow during month-end close."
KB-300142,Troubleshoot the e-commerce checkout flow timeout and crash errors during peak traffic,Application,"Checklist for diagnosing timeouts, memory leaks, and crash loops in the e-commerce checkout flow during peak traffic."
KB-300143,Troubleshoot the e-commerce checkout flow timeout and crash errors after a deployment,Application,"Checklist for diagnosing timeouts, memory leaks, and crash loops in the e-commerce checkout flow after a deployment."
KB-300144,Troubleshoot the e-commerce checkout flow timeout and crash errors during a schema migration,Application,"Checklist for diagnosing timeouts, memory leaks, and crash loops in the e-commerce checkout flow during a schema migration."
KB-300145,Troubleshoot the e-commerce checkout flow timeout and crash errors during quarter close,Application,"Checklist for diagnosing timeouts, memory leaks, and crash loops in the e-commerce checkout flow during quarter close."
KB-300146,Troubleshoot the e-commerce checkout flow timeout and crash errors for the nightly batch window,Application,"Checklist for diagnosing timeouts, memory leaks, and crash loops in the e-commerce checkout flow for the nightly batch window."
KB-300147,Troubleshoot the e-commerce checkout flow timeout and crash errors during a marketing campaign,Application,"Checklist for diagnosing timeouts, memory leaks, and crash loops in the e-commerce checkout flow during a marketing campaign."
KB-300148,Troubleshoot the e-commerce checkout flow timeout and crash errors for partner integrations,Application,"Checklist for diagnosing timeouts, memory leaks, and crash loops in the e-commerce checkout flow for partner integrations."
KB-300149,Troubleshoot the e-commerce checkout flow timeout and crash errors after a dependency upgrade,Application,"Checklist for diagnosing timeouts, memory leaks, and crash loops in the e-commerce checkout flow after a dependency upgrade."
KB-300150,Troubleshoot the e-commerce checkout flow timeout and crash errors for multi-region deployments,Application,"Checklist for diagnosing timeouts, memory leaks, and crash loops in the e-commerce checkout flow for multi-region deployments."
KB-300151,Troubleshoot the e-commerce checkout flow timeout and crash errors during a scheduled failover,Application,"Checklist for diagnosing timeouts, memory leaks, and crash loops in the e-commerce checkout flow during a scheduled failover."
KB-300152,Troubleshoot the e-commerce checkout flow timeout and crash errors for high-volume tenants,Application,"Checklist for diagnosing timeouts, memory leaks, and crash loops in the e-commerce checkout flow for high-volume tenants."
KB-300153,Troubleshoot the e-commerce checkout flow timeout and crash errors after a configuration rollout,Application,"Checklist for diagnosing timeouts, memory leaks, and crash loops in the e-commerce checkout flow after a configuration rollout."
KB-300154,Troubleshoot the e-commerce checkout flow timeout and crash errors during a load test,Application,"Checklist for diagnosing timeouts, memory leaks, and crash loops in the e-commerce checkout flow during a load test."
KB-300155,Troubleshoot the e-commerce checkout flow timeout and crash errors for legacy API consumers,Application,"Checklist for diagnosing timeouts, memory leaks, and crash loops in the e-commerce checkout flow for legacy API consumers."
KB-300156,Troubleshoot the e-commerce checkout flow timeout and crash errors after a database migration,Application,"Checklist for diagnosing timeouts, memory leaks, and crash loops in the e-commerce checkout flow after a database migration."
KB-300157,Troubleshoot the e-commerce checkout flow timeout and crash errors during a canary release,Application,"Checklist for diagnosing timeouts, memory leaks, and crash loops in the e-commerce checkout flow during a canary release."
KB-300158,Troubleshoot the e-commerce checkout flow timeout and crash errors for background job processing,Application,"Checklist for diagnosing timeouts, memory leaks, and crash loops in the e-commerce checkout flow for background job processing."
KB-300159,Troubleshoot the e-commerce checkout flow timeout and crash errors after a certificate rotation,Application,"Checklist for diagnosing timeouts, memory leaks, and crash loops in the e-commerce checkout flow after a certificate rotation."
KB-300160,Troubleshoot the e-commerce checkout flow timeout and crash errors for third-party webhook consumers,Application,"Checklist for diagnosing timeouts, memory leaks, and crash loops in the e-commerce checkout flow for third-party webhook consumers."
KB-300161,Troubleshoot the mobile app backend timeout and crash errors during month-end close,Application,"Checklist for diagnosing timeouts, memory leaks, and crash loops in the mobile app backend during month-end close."
KB-300162,Troubleshoot the mobile app backend timeout and crash errors during peak traffic,Application,"Checklist for diagnosing timeouts, memory leaks, and crash loops in the mobile app backend during peak traffic."
KB-300163,Troubleshoot the mobile app backend timeout and crash errors after a deployment,Application,"Checklist for diagnosing timeouts, memory leaks, and crash loops in the mobile app backend after a deployment."
KB-300164,Troubleshoot the mobile app backend timeout and crash errors during a schema migration,Application,"Checklist for diagnosing timeouts, memory leaks, and crash loops in the mobile app backend during a schema migration."
KB-300165,Troubleshoot the mobile app backend timeout and crash errors during quarter close,Application,"Checklist for diagnosing timeouts, memory leaks, and crash loops in the mobile app backend during quarter close."
KB-300166,Troubleshoot the mobile app backend timeout and crash errors for the nightly batch window,Application,"Checklist for diagnosing timeouts, memory leaks, and crash loops in the mobile app backend for the nightly batch window."
KB-300167,Troubleshoot the mobile app backend timeout and crash errors during a marketing campaign,Application,"Checklist for diagnosing timeouts, memory leaks, and crash loops in the mobile app backend during a marketing campaign."
KB-300168,Troubleshoot the mobile app backend timeout and crash errors for partner integrations,Application,"Checklist for diagnosing timeouts, memory leaks, and crash loops in the mobile app backend for partner integrations."
KB-300169,Troubleshoot the mobile app backend timeout and crash errors after a dependency upgrade,Application,"Checklist for diagnosing timeouts, memory leaks, and crash loops in the mobile app backend after a dependency upgrade."
KB-300170,Troubleshoot the mobile app backend timeout and crash errors for multi-region deployments,Application,"Checklist for diagnosing timeouts, memory leaks, and crash loops in the mobile app backend for multi-region deployments."
KB-300171,Troubleshoot the mobile app backend timeout and crash errors during a scheduled failover,Application,"Checklist for diagnosing timeouts, memory leaks, and crash loops in the mobile app backend during a scheduled failover."
KB-300172,Troubleshoot the mobile app backend timeout and crash errors for high-volume tenants,Application,"Checklist for diagnosing timeouts, memory leaks, and crash loops in the mobile app backend for high-volume tenants."
KB-300173,Troubleshoot the mobile app backend timeout and crash errors after a configuration rollout,Application,"Checklist for diagnosing timeouts, memory leaks, and crash loops in the mobile app backend after a configuration rollout."
KB-300174,Troubleshoot the mobile app backend timeout and crash errors during a load test,Application,"Checklist for diagnosing timeouts, memory leaks, and crash loops in the mobile app backend during a load test."
KB-300175,Troubleshoot the mobile app backend timeout and crash errors for legacy API consumers,Application,"Checklist for diagnosing timeouts, memory leaks, and crash loops in the mobile app backend for legacy API consumers."
KB-300176,Troubleshoot the mobile app backend timeout and crash errors after a database migration,Application,"Checklist for diagnosing timeouts, memory leaks, and crash loops in the mobile app backend after a database migration."
KB-300177,Troubleshoot the mobile app backend timeout and crash errors during a canary release,Application,"Checklist for diagnosing timeouts, memory leaks, and crash loops in the mobile app backend during a canary release."
KB-300178,Troubleshoot the mobile app backend timeout and crash errors for background job processing,Application,"Checklist for diagnosing timeouts, memory leaks, and crash loops in the mobile app backend for background job processing."
KB-300179,Troubleshoot the mobile app backend timeout and crash errors after a certificate rotation,Application,"Checklist for diagnosing timeouts, memory leaks, and crash loops in the mobile app backend after a certificate rotation."
KB-300180,Troubleshoot the mobile app backend timeout and crash errors for third-party webhook consumers,Application,"Checklist for diagnosing timeouts, memory leaks, and crash loops in the mobile app backend for third-party webhook consumers."
KB-300181,Troubleshoot the integration middleware timeout and crash errors during month-end close,Application,"Checklist for diagnosing timeouts, memory leaks, and crash loops in the integration middleware during month-end close."
KB-300182,Troubleshoot the integration middleware timeout and crash errors during peak traffic,Application,"Checklist for diagnosing timeouts, memory leaks, and crash loops in the integration middleware during peak traffic."
KB-300183,Troubleshoot the integration middleware timeout and crash errors after a deployment,Application,"Checklist for diagnosing timeouts, memory leaks, and crash loops in the integration middleware after a deployment."
KB-300184,Troubleshoot the integration middleware timeout and crash errors during a schema migration,Application,"Checklist for diagnosing timeouts, memory leaks, and crash loops in the integration middleware during a schema migration."
KB-300185,Troubleshoot the integration middleware timeout and crash errors during quarter close,Application,"Checklist for diagnosing timeouts, memory leaks, and crash loops in the integration middleware during quarter close."
KB-300186,Troubleshoot the integration middleware timeout and crash errors for the nightly batch window,Application,"Checklist for diagnosing timeouts, memory leaks, and crash loops in the integration middleware for the nightly batch window."
KB-300187,Troubleshoot the integration middleware timeout and crash errors during a marketing campaign,Application,"Checklist for diagnosing timeouts, memory leaks, and crash loops in the integration middleware during a marketing campaign."
KB-300188,Troubleshoot the integration middleware timeout and crash errors for partner integrations,Application,"Checklist for diagnosing timeouts, memory leaks, and crash loops in the integration middleware for partner integrations."
KB-300189,Troubleshoot the integration middleware timeout and crash errors after a dependency upgrade,Application,"Checklist for diagnosing timeouts, memory leaks, and crash loops in the integration middleware after a dependency upgrade."
KB-300190,Troubleshoot the integration middleware timeout and crash errors for multi-region deployments,Application,"Checklist for diagnosing timeouts, memory leaks, and crash loops in the integration middleware for multi-region deployments."
KB-300191,Troubleshoot the integration middleware timeout and crash errors during a scheduled failover,Application,"Checklist for diagnosing timeouts, memory leaks, and crash loops in the integration middleware during a scheduled failover."
KB-300192,Troubleshoot the integration middleware timeout and crash errors for high-volume tenants,Application,"Checklist for diagnosing timeouts, memory leaks, and crash loops in the integration middleware for high-volume tenants."
KB-300193,Troubleshoot the integration middleware timeout and crash errors after a configuration rollout,Application,"Checklist for diagnosing timeouts, memory leaks, and crash loops in the integration middleware after a configuration rollout."
KB-300194,Troubleshoot the integration middleware timeout and crash errors during a load test,Application,"Checklist for diagnosing timeouts, memory leaks, and crash loops in the integration middleware during a load test."
KB-300195,Troubleshoot the integration middleware timeout and crash errors for legacy API consumers,Application,"Checklist for diagnosing timeouts, memory leaks, and crash loops in the integration middleware for legacy API consumers."
KB-300196,Troubleshoot the integration middleware timeout and crash errors after a database migration,Application,"Checklist for diagnosing timeouts, memory leaks, and crash loops in the integration middleware after a database migration."
KB-300197,Troubleshoot the integration middleware timeout and crash errors during a canary release,Application,"Checklist for diagnosing timeouts, memory leaks, and crash loops in the integration middleware during a canary release."
KB-300198,Troubleshoot the integration middleware timeout and crash errors for background job processing,Application,"Checklist for diagnosing timeouts, memory leaks, and crash loops in the integration middleware for background job processing."
KB-101,Reset enterprise SSO session after password change,Authentication,Steps to clear browser tokens refresh SSO cache resync identity attributes and validate access after a password reset.
KB-102,Unlock Okta account and restore MFA enrollment,Authentication,Guide for unlocking accounts resetting failed MFA attempts and re-enrolling a mobile authenticator.
KB-100001,Resolve SAP sign-in failures for remote workers,Authentication,"Checklist covering session tokens, MFA enrollment, and identity sync steps to restore access to SAP for remote workers."
KB-100002,Resolve SAP sign-in failures for new hires,Authentication,"Checklist covering session tokens, MFA enrollment, and identity sync steps to restore access to SAP for new hires."
KB-100003,Resolve SAP sign-in failures after a password policy change,Authentication,"Checklist covering session tokens, MFA enrollment, and identity sync steps to restore access to SAP after a password policy change."
KB-100004,Resolve SAP sign-in failures on mobile devices,Authentication,"Checklist covering session tokens, MFA enrollment, and identity sync steps to restore access to SAP on mobile devices."
KB-100005,Resolve SAP sign-in failures for contractor accounts,Authentication,"Checklist covering session tokens, MFA enrollment, and identity sync steps to restore access to SAP for contractor accounts."
KB-100006,Resolve SAP sign-in failures after an identity provider migration,Authentication,"Checklist covering session tokens, MFA enrollment, and identity sync steps to restore access to SAP after an identity provider migration."
KB-100007,Resolve SAP sign-in failures for shared service accounts,Authentication,"Checklist covering session tokens, MFA enrollment, and identity sync steps to restore access to SAP for shared service accounts."
KB-100008,Resolve SAP sign-in failures during a security incident,Authentication,"Checklist covering session tokens, MFA enrollment, and identity sync steps to restore access to SAP during a security incident."
KB-100009,Resolve SAP sign-in failures after a phone number change,Authentication,"Checklist covering session tokens, MFA enrollment, and identity sync steps to restore access to SAP after a phone number change."
KB-100010,Resolve SAP sign-in failures for privileged accounts,Authentication,"Checklist covering session tokens, MFA enrollment, and identity sync steps to restore access to SAP for privileged accounts."
KB-100011,Resolve SAP sign-in failures on VPN-connected devices,Authentication,"Checklist covering session tokens, MFA enrollment, and identity sync steps to restore access to SAP on VPN-connected devices."
KB-100012,Resolve SAP sign-in failures for federated partner accounts,Authentication,"Checklist covering session tokens, MFA enrollment, and identity sync steps to restore access to SAP for federated partner accounts."
KB-100013,Resolve SAP sign-in failures after an org restructuring,Authentication,"Checklist covering session tokens, MFA enrollment, and identity sync steps to restore access to SAP after an org restructuring."
KB-100014,Resolve SAP sign-in failures for API service accounts,Authentication,"Checklist covering session tokens, MFA enrollment, and identity sync steps to restore access to SAP for API service accounts."
KB-100015,Resolve SAP sign-in failures on legacy browsers,Authentication,"Checklist covering session tokens, MFA enrollment, and identity sync steps to restore access to SAP on legacy browsers."
KB-100016,Resolve SAP sign-in failures after a directory sync,Authentication,"Checklist covering session tokens, MFA enrollment, and identity sync steps to restore access to SAP after a directory sync."
KB-100017,Resolve SAP sign-in failures for VIP executive accounts,Authentication,"Checklist covering session tokens, MFA enrollment, and identity sync steps to restore access to SAP for VIP executive accounts."
KB-100018,Resolve SAP sign-in failures during onboarding,Authentication,"Checklist covering session tokens, MFA enrollment, and identity sync steps to restore access to SAP during onboarding."
KB-100019,Resolve SAP sign-in failures for offboarded accounts pending cleanup,Authentication,"Checklist covering session tokens, MFA enrollment, and identity sync steps to restore access to SAP for offboarded accounts pending cleanup."
KB-100020,Resolve SAP sign-in failures after a certificate renewal,Authentication,"Checklist covering session tokens, MFA enrollment, and identity sync steps to restore access to SAP after a certificate renewal."
KB-100021,Resolve Salesforce sign-in failures for remote workers,Authentication,"Checklist covering session tokens, MFA enrollment, and identity sync steps to restore access to Salesforce for remote workers."
KB-100022,Resolve Salesforce sign-in failures for new hires,Authentication,"Checklist covering session tokens, MFA enrollment, and identity sync steps to restore access to Salesforce for new hires."
KB-100023,Resolve Salesforce sign-in failures after a password policy change,Authentication,"Checklist covering session tokens, MFA enrollment, and identity sync steps to restore access to Salesforce after a password policy change."
KB-100024,Resolve Salesforce sign-in failures on mobile devices,Authentication,"Checklist covering session tokens, MFA enrollment, and identity sync steps to restore access to Salesforce on mobile devices."
KB-100025,Resolve Salesforce sign-in failures for contractor accounts,Authentication,"Checklist covering session tokens, MFA enrollment, and identity sync steps to restore access to Salesforce for contractor accounts."
KB-100026,Resolve Salesforce sign-in failures after an identity provider migration,Authentication,"Checklist covering session tokens, MFA enrollment, and identity sync steps to restore access to Salesforce after an identity provider migration."
KB-100027,Resolve Salesforce sign-in failures for shared service accounts,Authentication,"Checklist covering session tokens, MFA enrollment, and identity sync steps to restore access to Salesforce for shared service accounts."
KB-100028,Resolve Salesforce sign-in failures during a security incident,Authentication,"Checklist covering session tokens, MFA enrollment, and identity sync steps to restore access to Salesforce during a security incident."
KB-100029,Resolve Salesforce sign-in failures after a phone number change,Authentication,"Checklist covering session tokens, MFA enrollment, and identity sync steps to restore access to Salesforce after a phone number change."
KB-100030,Resolve Salesforce sign-in failures for privileged accounts,Authentication,"Checklist covering session tokens, MFA enrollment, and identity sync steps to restore access to Salesforce for privileged accounts."
KB-100031,Resolve Salesforce sign-in failures on VPN-connected devices,Authentication,"Checklist covering session tokens, MFA enrollment, and identity sync steps to restore access to Salesforce on VPN-connected devices."
KB-100032,Resolve Salesforce sign-in failures for federated partner accounts,Authentication,"Checklist covering session tokens, MFA enrollment, and identity sync steps to restore access to Salesforce for federated partner accounts."
KB-100033,Resolve Salesforce sign-in failures after an org restructuring,Authentication,"Checklist covering session tokens, MFA enrollment, and identity sync steps to restore access to Salesforce after an org restructuring."
KB-100034,Resolve Salesforce sign-in failures for API service accounts,Authentication,"Checklist covering session tokens, MFA enrollment, and identity sync steps to restore access to Salesforce for API service accounts."
KB-100035,Resolve Salesforce sign-in failures on legacy browsers,Authentication,"Checklist covering session tokens, MFA enrollment, and identity sync steps to restore access to Salesforce on legacy browsers."
KB-100036,Resolve Salesforce sign-in failures after a directory sync,Authentication,"Checklist covering session tokens, MFA enrollment, and identity sync steps to restore access to Salesforce after a directory sync."
KB-100037,Resolve Salesforce sign-in failures for VIP executive accounts,Authentication,"Checklist covering session tokens, MFA enrollment, and identity sync steps to restore access to Salesforce for VIP executive accounts."
KB-100038,Resolve Salesforce sign-in failures during onboarding,Authentication,"Checklist covering session tokens, MFA enrollment, and identity sync steps to restore access to Salesforce during onboarding."
KB-100039,Resolve Salesforce sign-in failures for offboarded accounts pending cleanup,Authentication,"Checklist covering session tokens, MFA enrollment, and identity sync steps to restore access to Salesforce for offboarded accounts pending cleanup."
KB-100040,Resolve Salesforce sign-in failures after a certificate renewal,Authentication,"Checklist covering session tokens, MFA enrollment, and identity sync steps to restore access to Salesforce after a certificate renewal."
KB-100041,Resolve Workday sign-in failures for remote workers,Authentication,"Checklist covering session tokens, MFA enrollment, and identity sync steps to restore access to Workday for remote workers."
KB-100042,Resolve Workday sign-in failures for new hires,Authentication,"Checklist covering session tokens, MFA enrollment, and identity sync steps to restore access to Workday for new hires."
KB-100043,Resolve Workday sign-in failures after a password policy change,Authentication,"Checklist covering session tokens, MFA enrollment, and identity sync steps to restore access to Workday after a password policy change."
KB-100044,Resolve Workday sign-in failures on mobile devices,Authentication,"Checklist covering session tokens, MFA enrollment, and identity sync steps to restore access to Workday on mobile devices."
KB-100045,Resolve Workday sign-in failures for contractor accounts,Authentication,"Checklist covering session tokens, MFA enrollment, and identity sync steps to restore access to Workday for contractor accounts."
KB-100046,Resolve Workday sign-in failures after an identity provider migration,Authentication,"Checklist covering session tokens, MFA enrollment, and identity sync steps to restore access to Workday after an identity provider migration."
KB-100047,Resolve Workday sign-in failures for shared service accounts,Authentication,"Checklist covering session tokens, MFA enrollment, and identity sync steps to restore access to Workday for shared service accounts."
KB-100048,Resolve Workday sign-in failures during a security incident,Authentication,"Checklist covering session tokens, MFA enrollment, and identity sync steps to restore access to Workday during a security incident."
KB-100049,Resolve Workday sign-in failures after a phone number change,Authentication,"Checklist covering session tokens, MFA enrollment, and identity sync steps to restore access to Workday after a phone number change."
KB-100050,Resolve Workday sign-in failures for privileged accounts,Authentication,"Checklist covering session tokens, MFA enrollment, and identity sync steps to restore access to Workday for privileged accounts."
KB-100051,Resolve Workday sign-in failures on VPN-connected devices,Authentication,"Checklist covering session tokens, MFA enrollment, and identity sync steps to restore access to Workday on VPN-connected devices."
KB-100052,Resolve Workday sign-in failures for federated partner accounts,Authentication,"Checklist covering session tokens, MFA enrollment, and identity sync steps to restore access to Workday for federated partner accounts."
KB-100053,Resolve Workday sign-in failures after an org restructuring,Authentication,"Checklist covering session tokens, MFA enrollment, and identity sync steps to restore access to Workday after an org restructuring."
KB-100054,Resolve Workday sign-in failures for API service accounts,Authentication,"Checklist covering session tokens, MFA enrollment, and identity sync steps to restore access to Workday for API service accounts."
KB-100055,Resolve Workday sign-in failures on legacy browsers,Authentication,"Checklist covering session tokens, MFA enrollment, and identity sync steps to restore access to Workday on legacy browsers."
KB-100056,Resolve Workday sign-in failures after a directory sync,Authentication,"Checklist covering session tokens, MFA enrollment, and identity sync steps to restore access to Workday after a directory sync."
KB-100057,Resolve Workday sign-in failures for VIP executive accounts,Authentication,"Checklist covering session tokens, MFA enrollment, and identity sync steps to restore access to Workday for VIP executive accounts."
KB-100058,Resolve Workday sign-in failures during onboarding,Authentication,"Checklist covering session tokens, MFA enrollment, and identity sync steps to restore access to Workday during onboarding."
KB-100059,Resolve Workday sign-in failures for offboarded accounts pending cleanup,Authentication,"Checklist covering session tokens, MFA enrollment, and identity sync steps to restore access to Workday for offboarded accounts pending cleanup."
KB-100060,Resolve Workday sign-in failures after a certificate renewal,Authentication,"Checklist covering session tokens, MFA enrollment, and identity sync steps to restore access to Workday after a certificate renewal."
KB-100061,Resolve Okta sign-in failures for remote workers,Authentication,"Checklist covering session tokens, MFA enrollment, and identity sync steps to restore access to Okta for remote workers."
KB-100062,Resolve Okta sign-in failures for new hires,Authentication,"Checklist covering session tokens, MFA enrollment, and identity sync steps to restore access to Okta for new hires."
KB-100063,Resolve Okta sign-in failures after a password policy change,Authentication,"Checklist covering session tokens, MFA enrollment, and identity sync steps to restore access to Okta after a password policy change."
KB-100064,Resolve Okta sign-in failures on mobile devices,Authentication,"Checklist covering session tokens, MFA enrollment, and identity sync steps to restore access to Okta on mobile devices."
KB-100065,Resolve Okta sign-in failures for contractor accounts,Authentication,"Checklist covering session tokens, MFA enrollment, and identity sync steps to restore access to Okta for contractor accounts."
KB-100066,Resolve Okta sign-in failures after an identity provider migration,Authentication,"Checklist covering session tokens, MFA enrollment, and identity sync steps to restore access to Okta after an identity provider migration."
KB-100067,Resolve Okta sign-in failures for shared service accounts,Authentication,"Checklist covering session tokens, MFA enrollment, and identity sync steps to restore access to Okta for shared service accounts."
KB-100068,Resolve Okta sign-in failures during a security incident,Authentication,"Checklist covering session tokens, MFA enrollment, and identity sync steps to restore access to Okta during a security incident."
KB-100069,Resolve Okta sign-in failures after a phone number change,Authentication,"Checklist covering session tokens, MFA enrollment, and identity sync steps to restore access to Okta after a phone number change."
KB-100070,Resolve Okta sign-in failures for privileged accounts,Authentication,"Checklist covering session tokens, MFA enrollment, and identity sync steps to restore access to Okta for privileged accounts."
KB-100071,Resolve Okta sign-in failures on VPN-connected devices,Authentication,"Checklist covering session tokens, MFA enrollment, and identity sync steps to restore access to Okta on VPN-connected devices."
KB-100072,Resolve Okta sign-in failures for federated partner accounts,Authentication,"Checklist covering session tokens, MFA enrollment, and identity sync steps to restore access to Okta for federated partner accounts."
KB-100073,Resolve Okta sign-in failures after an org restructuring,Authentication,"Checklist covering session tokens, MFA enrollment, and identity sync steps to restore access to Okta after an org restructuring."
KB-100074,Resolve Okta sign-in failures for API service accounts,Authentication,"Checklist covering session tokens, MFA enrollment, and identity sync steps to restore access to Okta for API service accounts."
KB-100075,Resolve Okta sign-in failures on legacy browsers,Authentication,"Checklist covering session tokens, MFA enrollment, and identity sync steps to restore access to Okta on legacy browsers."
KB-100076,Resolve Okta sign-in failures after a directory sync,Authentication,"Checklist covering session tokens, MFA enrollment, and identity sync steps to restore access to Okta after a directory sync."
KB-100077,Resolve Okta sign-in failures for VIP executive accounts,Authentication,"Checklist covering session tokens, MFA enrollment, and identity sync steps to restore access to Okta for VIP executive accounts."
KB-100078,Resolve Okta sign-in failures during onboarding,Authentication,"Checklist covering session tokens, MFA enrollment, and identity sync steps to restore access to Okta during onboarding."
KB-100079,Resolve Okta sign-in failures for offboarded accounts pending cleanup,Authentication,"Checklist covering session tokens, MFA enrollment, and identity sync steps to restore access to Okta for offboarded accounts pending cleanup."
KB-100080,Resolve Okta sign-in failures after a certificate renewal,Authentication,"Checklist covering session tokens, MFA enrollment, and identity sync steps to restore access to Okta after a certificate renewal."
KB-100081,Resolve the HR portal sign-in failures for remote workers,Authentication,"Checklist covering session tokens, MFA enrollment, and identity sync steps to restore access to the HR portal for remote workers."
KB-100082,Resolve the HR portal sign-in failures for new hires,Authentication,"Checklist covering session tokens, MFA enrollment, and identity sync steps to restore access to the HR portal for new hires."
KB-100083,Resolve the HR portal sign-in failures after a password policy change,Authentication,"Checklist covering session tokens, MFA enrollment, and identity sync steps to restore access to the HR portal after a password policy change."
KB-100084,Resolve the HR portal sign-in failures on mobile devices,Authentication,"Checklist covering session tokens, MFA enrollment, and identity sync steps to restore access to the HR portal on mobile devices."
KB-100085,Resolve the HR portal sign-in failures for contractor accounts,Authentication,"Checklist covering session tokens, MFA enrollment, and identity sync steps to restore access to the HR portal for contractor accounts."
KB-100086,Resolve the HR portal sign-in failures after an identity provider migration,Authentication,"Checklist covering session tokens, MFA enrollment, and identity sync steps to restore access to the HR portal after an identity provider migration."
KB-100087,Resolve the HR portal sign-in failures for shared service accounts,Authentication,"Checklist covering session tokens, MFA enrollment, and identity sync steps to restore access to the HR portal for shared service accounts."
KB-100088,Resolve the HR portal sign-in failures during a security incident,Authentication,"Checklist covering session tokens, MFA enrollment, and identity sync steps to restore access to the HR portal during a security incident."
KB-100089,Resolve the HR portal sign-in failures after a phone number change,Authentication,"Checklist covering session tokens, MFA enrollment, and identity sync steps to restore access to the HR portal after a phone number change."
KB-100090,Resolve the HR portal sign-in failures for privileged accounts,Authentication,"Checklist covering session tokens, MFA enrollment, and identity sync steps to restore access to the HR portal for privileged accounts."
KB-100091,Resolve the HR portal sign-in failures on VPN-connected devices,Authentication,"Checklist covering session tokens, MFA enrollment, and identity sync steps to restore access to the HR portal on VPN-connected devices."
KB-100092,Resolve the HR portal sign-in failures for federated partner accounts,Authentication,"Checklist covering session tokens, MFA enrollment, and identity sync steps to restore access to the HR portal for federated partner accounts."
KB-100093,Resolve the HR portal sign-in failures after an org restructuring,Authentication,"Checklist covering session tokens, MFA enrollment, and identity sync steps to restore access to the HR portal after an org restructuring."
KB-100094,Resolve the HR portal sign-in failures for API service accounts,Authentication,"Checklist covering session tokens, MFA enrollment, and identity sync steps to restore access to the HR portal for API service accounts."
KB-100095,Resolve the HR portal sign-in failures on legacy browsers,Authentication,"Checklist covering session tokens, MFA enrollment, and identity sync steps to restore access to the HR portal on legacy browsers."
KB-100096,Resolve the HR portal sign-in failures after a directory sync,Authentication,"Checklist covering session tokens, MFA enrollment, and identity sync steps to restore access to the HR portal after a directory sync."
KB-100097,Resolve the HR portal sign-in failures for VIP executive accounts,Authentication,"Checklist covering session tokens, MFA enrollment, and identity sync steps to restore access to the HR portal for VIP executive accounts."
KB-100098,Resolve the HR portal sign-in failures during onboarding,Authentication,"Checklist covering session tokens, MFA enrollment, and identity sync steps to restore access to the HR portal during onboarding."
KB-100099,Resolve the HR portal sign-in failures for offboarded accounts pending cleanup,Authentication,"Checklist covering session tokens, MFA enrollment, and identity sync steps to restore access to the HR portal for offboarded accounts pending cleanup."
KB-100100,Resolve the HR portal sign-in failures after a certificate renewal,Authentication,"Checklist covering session tokens, MFA enrollment, and identity sync steps to restore access to the HR portal after a certificate renewal."
KB-100101,Resolve the finance application sign-in failures for remote workers,Authentication,"Checklist covering session tokens, MFA enrollment, and identity sync steps to restore access to the finance application for remote workers."
KB-100102,Resolve the finance application sign-in failures for new hires,Authentication,"Checklist covering session tokens, MFA enrollment, and identity sync steps to restore access to the finance application for new hires."
KB-100103,Resolve the finance application sign-in failures after a password policy change,Authentication,"Checklist covering session tokens, MFA enrollment, and identity sync steps to restore access to the finance application after a password policy change."
KB-100104,Resolve the finance application sign-in failures on mobile devices,Authentication,"Checklist covering session tokens, MFA enrollment, and identity sync steps to restore access to the finance application on mobile devices."
KB-100105,Resolve the finance application sign-in failures for contractor accounts,Authentication,"Checklist covering session tokens, MFA enrollment, and identity sync steps to restore access to the finance application for contractor accounts."
KB-100106,Resolve the finance application sign-in failures after an identity provider migration,Authentication,"Checklist covering session tokens, MFA enrollment, and identity sync steps to restore access to the finance application after an identity provider migration."
KB-100107,Resolve the finance application sign-in failures for shared service accounts,Authentication,"Checklist covering session tokens, MFA enrollment, and identity sync steps to restore access to the finance application for shared service accounts."
KB-100108,Resolve the finance application sign-in failures during a security incident,Authentication,"Checklist covering session tokens, MFA enrollment, and identity sync steps to restore access to the finance application during a security incident."
KB-100109,Resolve the finance application sign-in failures after a phone number change,Authentication,"Checklist covering session tokens, MFA enrollment, and identity sync steps to restore access to the finance application after a phone number change."
KB-100110,Resolve the finance application sign-in failures for privileged accounts,Authentication,"Checklist covering session tokens, MFA enrollment, and identity sync steps to restore access to the finance application for privileged accounts."
KB-100111,Resolve the finance application sign-in failures on VPN-connected devices,Authentication,"Checklist covering session tokens, MFA enrollment, and identity sync steps to restore access to the finance application on VPN-connected devices."
KB-100112,Resolve the finance application sign-in failures for federated partner accounts,Authentication,"Checklist covering session tokens, MFA enrollment, and identity sync steps to restore access to the finance application for federated partner accounts."
KB-100113,Resolve the finance application sign-in failures after an org restructuring,Authentication,"Checklist covering session tokens, MFA enrollment, and identity sync steps to restore access to the finance application after an org restructuring."
KB-100114,Resolve the finance application sign-in failures for API service accounts,Authentication,"Checklist covering session tokens, MFA enrollment, and identity sync steps to restore access to the finance application for API service accounts."
KB-100115,Resolve the finance application sign-in failures on legacy browsers,Authentication,"Checklist covering session tokens, MFA enrollment, and identity sync steps to restore access to the finance application on legacy browsers."
KB-100116,Resolve the finance application sign-in failures after a directory sync,Authentication,"Checklist covering session tokens, MFA enrollment, and identity sync steps to restore access to the finance application after a directory sync."
KB-100117,Resolve the finance application sign-in failures for VIP executive accounts,Authentication,"Checklist covering session tokens, MFA enrollment, and identity sync steps to restore access to the finance application for VIP executive accounts."
KB-100118,Resolve the finance application sign-in failures during onboarding,Authentication,"Checklist covering session tokens, MFA enrollment, and identity sync steps to restore access to the finance application during onboarding."
KB-100119,Resolve the finance application sign-in failures for offboarded accounts pending cleanup,Authentication,"Checklist covering session tokens, MFA enrollment, and identity sync steps to restore access to the finance application for offboarded accounts pending cleanup."
KB-100120,Resolve the finance application sign-in failures after a certificate renewal,Authentication,"Checklist covering session tokens, MFA enrollment, and identity sync steps to restore access to the finance application after a certificate renewal."
KB-100121,Resolve the VPN portal sign-in failures for remote workers,Authentication,"Checklist covering session tokens, MFA enrollment, and identity sync steps to restore access to the VPN portal for remote workers."
KB-100122,Resolve the VPN portal sign-in failures for new hires,Authentication,"Checklist covering session tokens, MFA enrollment, and identity sync steps to restore access to the VPN portal for new hires."
KB-100123,Resolve the VPN portal sign-in failures after a password policy change,Authentication,"Checklist covering session tokens, MFA enrollment, and identity sync steps to restore access to the VPN portal after a password policy change."
KB-100124,Resolve the VPN portal sign-in failures on mobile devices,Authentication,"Checklist covering session tokens, MFA enrollment, and identity sync steps to restore access to the VPN portal on mobile devices."
KB-100125,Resolve the VPN portal sign-in failures for contractor accounts,Authentication,"Checklist covering session tokens, MFA enrollment, and identity sync steps to restore access to the VPN portal for contractor accounts."
KB-100126,Resolve the VPN portal sign-in failures after an identity provider migration,Authentication,"Checklist covering session tokens, MFA enrollment, and identity sync steps to restore access to the VPN portal after an identity provider migration."
KB-100127,Resolve the VPN portal sign-in failures for shared service accounts,Authentication,"Checklist covering session tokens, MFA enrollment, and identity sync steps to restore access to the VPN portal for shared service accounts."
KB-100128,Resolve the VPN portal sign-in failures during a security incident,Authentication,"Checklist covering session tokens, MFA enrollment, and identity sync steps to restore access to the VPN portal during a security incident."
KB-100129,Resolve the VPN portal sign-in failures after a phone number change,Authentication,"Checklist covering session tokens, MFA enrollment, and identity sync steps to restore access to the VPN portal after a phone number change."
KB-100130,Resolve the VPN portal sign-in failures for privileged accounts,Authentication,"Checklist covering session tokens, MFA enrollment, and identity sync steps to restore access to the VPN portal for privileged accounts."
KB-100131,Resolve the VPN portal sign-in failures on VPN-connected devices,Authentication,"Checklist covering session tokens, MFA enrollment, and identity sync steps to restore access to the VPN portal on VPN-connected devices."
KB-100132,Resolve the VPN portal sign-in failures for federated partner accounts,Authentication,"Checklist covering session tokens, MFA enrollment, and identity sync steps to restore access to the VPN portal for federated partner accounts."
KB-100133,Resolve the VPN portal sign-in failures after an org restructuring,Authentication,"Checklist covering session tokens, MFA enrollment, and identity sync steps to restore access to the VPN portal after an org restructuring."
KB-100134,Resolve the VPN portal sign-in failures for API service accounts,Authentication,"Checklist covering session tokens, MFA enrollment, and identity sync steps to restore access to the VPN portal for API service accounts."
KB-100135,Resolve the VPN portal sign-in failures on legacy browsers,Authentication,"Checklist covering session tokens, MFA enrollment, and identity sync steps to restore access to the VPN portal on legacy browsers."
KB-100136,Resolve the VPN portal sign-in failures after a directory sync,Authentication,"Checklist covering session tokens, MFA enrollment, and identity sync steps to restore access to the VPN portal after a directory sync."
KB-100137,Resolve the VPN portal sign-in failures for VIP executive accounts,Authentication,"Checklist covering session tokens, MFA enrollment, and identity sync steps to restore access to the VPN portal for VIP executive accounts."
KB-100138,Resolve the VPN portal sign-in failures during onboarding,Authentication,"Checklist covering session tokens, MFA enrollment, and identity sync steps to restore access to the VPN portal during onboarding."
KB-100139,Resolve the VPN portal sign-in failures for offboarded accounts pending cleanup,Authentication,"Checklist covering session tokens, MFA enrollment, and identity sync steps to restore access to the VPN portal for offboarded accounts pending cleanup."
KB-100140,Resolve the VPN portal sign-in failures after a certificate renewal,Authentication,"Checklist covering session tokens, MFA enrollment, and identity sync steps to restore access to the VPN portal after a certificate renewal."
KB-100141,Resolve Confluence sign-in failures for remote workers,Authentication,"Checklist covering session tokens, MFA enrollment, and identity sync steps to restore access to Confluence for remote workers."
KB-100142,Resolve Confluence sign-in failures for new hires,Authentication,"Checklist covering session tokens, MFA enrollment, and identity sync steps to restore access to Confluence for new hires."
KB-100143,Resolve Confluence sign-in failures after a password policy change,Authentication,"Checklist covering session tokens, MFA enrollment, and identity sync steps to restore access to Confluence after a password policy change."
KB-100144,Resolve Confluence sign-in failures on mobile devices,Authentication,"Checklist covering session tokens, MFA enrollment, and identity sync steps to restore access to Confluence on mobile devices."
KB-100145,Resolve Confluence sign-in failures for contractor accounts,Authentication,"Checklist covering session tokens, MFA enrollment, and identity sync steps to restore access to Confluence for contractor accounts."
KB-100146,Resolve Confluence sign-in failures after an identity provider migration,Authentication,"Checklist covering session tokens, MFA enrollment, and identity sync steps to restore access to Confluence after an identity provider migration."
KB-100147,Resolve Confluence sign-in failures for shared service accounts,Authentication,"Checklist covering session tokens, MFA enrollment, and identity sync steps to restore access to Confluence for shared service accounts."
KB-100148,Resolve Confluence sign-in failures during a security incident,Authentication,"Checklist covering session tokens, MFA enrollment, and identity sync steps to restore access to Confluence during a security incident."
KB-100149,Resolve Confluence sign-in failures after a phone number change,Authentication,"Checklist covering session tokens, MFA enrollment, and identity sync steps to restore access to Confluence after a phone number change."
KB-100150,Resolve Confluence sign-in failures for privileged accounts,Authentication,"Checklist covering session tokens, MFA enrollment, and identity sync steps to restore access to Confluence for privileged accounts."
KB-100151,Resolve Confluence sign-in failures on VPN-connected devices,Authentication,"Checklist covering session tokens, MFA enrollment, and identity sync steps to restore access to Confluence on VPN-connected devices."
KB-100152,Resolve Confluence sign-in failures for federated partner accounts,Authentication,"Checklist covering session tokens, MFA enrollment, and identity sync steps to restore access to Confluence for federated partner accounts."
KB-100153,Resolve Confluence sign-in failures after an org restructuring,Authentication,"Checklist covering session tokens, MFA enrollment, and identity sync steps to restore access to Confluence after an org restructuring."
KB-100154,Resolve Confluence sign-in failures for API service accounts,Authentication,"Checklist covering session tokens, MFA enrollment, and identity sync steps to restore access to Confluence for API service accounts."
KB-100155,Resolve Confluence sign-in failures on legacy browsers,Authentication,"Checklist covering session tokens, MFA enrollment, and identity sync steps to restore access to Confluence on legacy browsers."
KB-100156,Resolve Confluence sign-in failures after a directory sync,Authentication,"Checklist covering session tokens, MFA enrollment, and identity sync steps to restore access to Confluence after a directory sync."
KB-100157,Resolve Confluence sign-in failures for VIP executive accounts,Authentication,"Checklist covering session tokens, MFA enrollment, and identity sync steps to restore access to Confluence for VIP executive accounts."
KB-100158,Resolve Confluence sign-in failures during onboarding,Authentication,"Checklist covering session tokens, MFA enrollment, and identity sync steps to restore access to Confluence during onboarding."
KB-100159,Resolve Confluence sign-in failures for offboarded accounts pending cleanup,Authentication,"Checklist covering session tokens, MFA enrollment, and identity sync steps to restore access to Confluence for offboarded accounts pending cleanup."
KB-100160,Resolve Confluence sign-in failures after a certificate renewal,Authentication,"Checklist covering session tokens, MFA enrollment, and identity sync steps to restore access to Confluence after a certificate renewal."
KB-100161,Resolve the customer support console sign-in failures for remote workers,Authentication,"Checklist covering session tokens, MFA enrollment, and identity sync steps to restore access to the customer support console for remote workers."
KB-100162,Resolve the customer support console sign-in failures for new hires,Authentication,"Checklist covering session tokens, MFA enrollment, and identity sync steps to restore access to the customer support console for new hires."
KB-100163,Resolve the customer support console sign-in failures after a password policy change,Authentication,"Checklist covering session tokens, MFA enrollment, and identity sync steps to restore access to the customer support console after a password policy change."
KB-100164,Resolve the customer support console sign-in failures on mobile devices,Authentication,"Checklist covering session tokens, MFA enrollment, and identity sync steps to restore access to the customer support console on mobile devices."
KB-100165,Resolve the customer support console sign-in failures for contractor accounts,Authentication,"Checklist covering session tokens, MFA enrollment, and identity sync steps to restore access to the customer support console for contractor accounts."
KB-100166,Resolve the customer support console sign-in failures after an identity provider migration,Authentication,"Checklist covering session tokens, MFA enrollment, and identity sync steps to restore access to the customer support console after an identity provider migration."
KB-100167,Resolve the customer support console sign-in failures for shared service accounts,Authentication,"Checklist covering session tokens, MFA enrollment, and identity sync steps to restore access to the customer support console for shared service accounts."
KB-100168,Resolve the customer support console sign-in failures during a security incident,Authentication,"Checklist covering session tokens, MFA enrollment, and identity sync steps to restore access to the customer support console during a security incident."
KB-100169,Resolve the customer support console sign-in failures after a phone number change,Authentication,"Checklist covering session tokens, MFA enrollment, and identity sync steps to restore access to the customer support console after a phone number change."
KB-100170,Resolve the customer support console sign-in failures for privileged accounts,Authentication,"Checklist covering session tokens, MFA enrollment, and identity sync steps to restore access to the customer support console for privileged accounts."
KB-100171,Resolve the customer support console sign-in failures on VPN-connected devices,Authentication,"Checklist covering session tokens, MFA enrollment, and identity sync steps to restore access to the customer support console on VPN-connected devices."
KB-100172,Resolve the customer support console sign-in failures for federated partner accounts,Authentication,"Checklist covering session tokens, MFA enrollment, and identity sync steps to restore access to the customer support console for federated partner accounts."
KB-100173,Resolve the customer support console sign-in failures after an org restructuring,Authentication,"Checklist covering session tokens, MFA enrollment, and identity sync steps to restore access to the customer support console after an org restructuring."
KB-100174,Resolve the customer support console sign-in failures for API service accounts,Authentication,"Checklist covering session tokens, MFA enrollment, and identity sync steps to restore access to the customer support console for API service accounts."
KB-100175,Resolve the customer support console sign-in failures on legacy browsers,Authentication,"Checklist covering session tokens, MFA enrollment, and identity sync steps to restore access to the customer support console on legacy browsers."
KB-100176,Resolve the customer support console sign-in failures after a directory sync,Authentication,"Checklist covering session tokens, MFA enrollment, and identity sync steps to restore access to the customer support console after a directory sync."
KB-100177,Resolve the customer support console sign-in failures for VIP executive accounts,Authentication,"Checklist covering session tokens, MFA enrollment, and identity sync steps to restore access to the customer support console for VIP executive accounts."
KB-100178,Resolve the customer support console sign-in failures during onboarding,Authentication,"Checklist covering session tokens, MFA enrollment, and identity sync steps to restore access to the customer support console during onboarding."
KB-100179,Resolve the customer support console sign-in failures for offboarded accounts pending cleanup,Authentication,"Checklist covering session tokens, MFA enrollment, and identity sync steps to restore access to the customer support console for offboarded accounts pending cleanup."
KB-100180,Resolve the customer support console sign-in failures after a certificate renewal,Authentication,"Checklist covering session tokens, MFA enrollment, and identity sync steps to restore access to the customer support console after a certificate renewal."
KB-100181,Resolve the procurement system sign-in failures for remote workers,Authentication,"Checklist covering session tokens, MFA enrollment, and identity sync steps to restore access to the procurement system for remote workers."
KB-100182,Resolve the procurement system sign-in failures for new hires,Authentication,"Checklist covering session tokens, MFA enrollment, and identity sync steps to restore access to the procurement system for new hires."
KB-100183,Resolve the procurement system sign-in failures after a password policy change,Authentication,"Checklist covering session tokens, MFA enrollment, and identity sync steps to restore access to the procurement system after a password policy change."
KB-100184,Resolve the procurement system sign-in failures on mobile devices,Authentication,"Checklist covering session tokens, MFA enrollment, and identity sync steps to restore access to the procurement system on mobile devices."
KB-100185,Resolve the procurement system sign-in failures for contractor accounts,Authentication,"Checklist covering session tokens, MFA enrollment, and identity sync steps to restore access to the procurement system for contractor accounts."
KB-100186,Resolve the procurement system sign-in failures after an identity provider migration,Authentication,"Checklist covering session tokens, MFA enrollment, and identity sync steps to restore access to the procurement system after an identity provider migration."
KB-100187,Resolve the procurement system sign-in failures for shared service accounts,Authentication,"Checklist covering session tokens, MFA enrollment, and identity sync steps to restore access to the procurement system for shared service accounts."
KB-100188,Resolve the procurement system sign-in failures during a security incident,Authentication,"Checklist covering session tokens, MFA enrollment, and identity sync steps to restore access to the procurement system during a security incident."
KB-100189,Resolve the procurement system sign-in failures after a phone number change,Authentication,"Checklist covering session tokens, MFA enrollment, and identity sync steps to restore access to the procurement system after a phone number change."
KB-100190,Resolve the procurement system sign-in failures for privileged accounts,Authentication,"Checklist covering session tokens, MFA enrollment, and identity sync steps to restore access to the procurement system for privileged accounts."
KB-100191,Resolve the procurement system sign-in failures on VPN-connected devices,Authentication,"Checklist covering session tokens, MFA enrollment, and identity sync steps to restore access to the procurement system on VPN-connected devices."
KB-100192,Resolve the procurement system sign-in failures for federated partner accounts,Authentication,"Checklist covering session tokens, MFA enrollment, and identity sync steps to restore access to the procurement system for federated partner accounts."
KB-100193,Resolve the procurement system sign-in failures after an org restructuring,Authentication,"Checklist covering session tokens, MFA enrollment, and identity sync steps to restore access to the procurement system after an org restructuring."
KB-100194,Resolve the procurement system sign-in failures for API service accounts,Authentication,"Checklist covering session tokens, MFA enrollment, and identity sync steps to restore access to the procurement system for API service accounts."
KB-100195,Resolve the procurement system sign-in failures on legacy browsers,Authentication,"Checklist covering session tokens, MFA enrollment, and identity sync steps to restore access to the procurement system on legacy browsers."
KB-100196,Resolve the procurement system sign-in failures after a directory sync,Authentication,"Checklist covering session tokens, MFA enrollment, and identity sync steps to restore access to the procurement system after a directory sync."
KB-100197,Resolve the procurement system sign-in failures for VIP executive accounts,Authentication,"Checklist covering session tokens, MFA enrollment, and identity sync steps to restore access to the procurement system for VIP executive accounts."
KB-100198,Resolve the procurement system sign-in failures during onboarding,Authentication,"Checklist covering session tokens, MFA enrollment, and identity sync steps to restore access to the procurement system during onboarding."
KB-501,Database performance incident checklist,Database,Workflow for identifying slow queries checking CPU pressure adding indexes and validating application response time.
KB-502,Database storage capacity remediation,Database,Runbook for extending tablespaces cleaning audit data and rerunning failed backups after capacity alerts.
KB-500001,Resolve storage threshold alerts on the Oracle database during month-end reporting,Database,Archival and storage-extension checklist for the Oracle database during month-end reporting.
KB-500002,Resolve storage threshold alerts on the Oracle database during payroll processing,Database,Archival and storage-extension checklist for the Oracle database during payroll processing.
KB-500003,Resolve storage threshold alerts on the Oracle database for audit workloads,Database,Archival and storage-extension checklist for the Oracle database for audit workloads.
KB-500004,Resolve storage threshold alerts on the Oracle database during nightly ETL windows,Database,Archival and storage-extension checklist for the Oracle database during nightly ETL windows.
KB-500005,Resolve storage threshold alerts on the Oracle database during schema migrations,Database,Archival and storage-extension checklist for the Oracle database during schema migrations.
KB-500006,Resolve storage threshold alerts on the Oracle database during peak trading hours,Database,Archival and storage-extension checklist for the Oracle database during peak trading hours.
KB-500007,Resolve storage threshold alerts on the Oracle database for high-availability pairs,Database,Archival and storage-extension checklist for the Oracle database for high-availability pairs.
KB-500008,Resolve storage threshold alerts on the Oracle database during failover testing,Database,Archival and storage-extension checklist for the Oracle database during failover testing.
KB-500009,Resolve storage threshold alerts on the Oracle database for multi-tenant workloads,Database,Archival and storage-extension checklist for the Oracle database for multi-tenant workloads.
KB-500010,Resolve storage threshold alerts on the Oracle database for reporting workloads,Database,Archival and storage-extension checklist for the Oracle database for reporting workloads.
KB-500011,Resolve storage threshold alerts on the Oracle database for data warehouse loads,Database,Archival and storage-extension checklist for the Oracle database for data warehouse loads.
KB-500012,Resolve storage threshold alerts on the Oracle database for customer-facing read replicas,Database,Archival and storage-extension checklist for the Oracle database for customer-facing read replicas.
KB-500013,Resolve storage threshold alerts on the Oracle database during a certificate rotation,Database,Archival and storage-extension checklist for the Oracle database during a certificate rotation.
KB-500014,Resolve storage threshold alerts on the Oracle database for encrypted-at-rest volumes,Database,Archival and storage-extension checklist for the Oracle database for encrypted-at-rest volumes.
KB-500015,Resolve storage threshold alerts on the Oracle database for cross-region replication,Database,Archival and storage-extension checklist for the Oracle database for cross-region replication.
KB-500016,Resolve storage threshold alerts on the Oracle database for backup verification jobs,Database,Archival and storage-extension checklist for the Oracle database for backup verification jobs.
KB-500017,Resolve storage threshold alerts on the Oracle database during a capacity review,Database,Archival and storage-extension checklist for the Oracle database during a capacity review.
KB-500018,Resolve storage threshold alerts on the Oracle database for disaster-recovery drills,Database,Archival and storage-extension checklist for the Oracle database for disaster-recovery drills.
KB-500019,Resolve storage threshold alerts on the Oracle database during a maintenance window,Database,Archival and storage-extension checklist for the Oracle database during a maintenance window.
KB-500020,Resolve storage threshold alerts on the Oracle database for compliance audits,Database,Archival and storage-extension checklist for the Oracle database for compliance audits.
KB-500021,Resolve storage threshold alerts on the PostgreSQL cluster during month-end reporting,Database,Archival and storage-extension checklist for the PostgreSQL cluster during month-end reporting.
KB-500022,Resolve storage threshold alerts on the PostgreSQL cluster during payroll processing,Database,Archival and storage-extension checklist for the PostgreSQL cluster during payroll processing.
KB-500023,Resolve storage threshold alerts on the PostgreSQL cluster for audit workloads,Database,Archival and storage-extension checklist for the PostgreSQL cluster for audit workloads.
KB-500024,Resolve storage threshold alerts on the PostgreSQL cluster during nightly ETL windows,Database,Archival and storage-extension checklist for the PostgreSQL cluster during nightly ETL windows.
KB-500025,Resolve storage threshold alerts on the PostgreSQL cluster during schema migrations,Database,Archival and storage-extension checklist for the PostgreSQL cluster during schema migrations.
KB-500026,Resolve storage threshold alerts on the PostgreSQL cluster during peak trading hours,Database,Archival and storage-extension checklist for the PostgreSQL cluster during peak trading hours.
KB-500027,Resolve storage threshold alerts on the PostgreSQL cluster for high-availability pairs,Database,Archival and storage-extension checklist for the PostgreSQL cluster for high-availability pairs.
KB-500028,Resolve storage threshold alerts on the PostgreSQL cluster during failover testing,Database,Archival and storage-extension checklist for the PostgreSQL cluster during failover testing.
KB-500029,Resolve storage threshold alerts on the PostgreSQL cluster for multi-tenant workloads,Database,Archival and storage-extension checklist for the PostgreSQL cluster for multi-tenant workloads.
KB-500030,Resolve storage threshold alerts on the PostgreSQL cluster for reporting workloads,Database,Archival and storage-extension checklist for the PostgreSQL cluster for reporting workloads.
KB-500031,Resolve storage threshold alerts on the PostgreSQL cluster for data warehouse loads,Database,Archival and storage-extension checklist for the PostgreSQL cluster for data warehouse loads.
KB-500032,Resolve storage threshold alerts on the PostgreSQL cluster for customer-facing read replicas,Database,Archival and storage-extension checklist for the PostgreSQL cluster for customer-facing read replicas.
KB-500033,Resolve storage threshold alerts on the PostgreSQL cluster during a certificate rotation,Database,Archival and storage-extension checklist for the PostgreSQL cluster during a certificate rotation.
KB-500034,Resolve storage threshold alerts on the PostgreSQL cluster for encrypted-at-rest volumes,Database,Archival and storage-extension checklist for the PostgreSQL cluster for encrypted-at-rest volumes.
KB-500035,Resolve storage threshold alerts on the PostgreSQL cluster for cross-region replication,Database,Archival and storage-extension checklist for the PostgreSQL cluster for cross-region replication.
KB-500036,Resolve storage threshold alerts on the PostgreSQL cluster for backup verification jobs,Database,Archival and storage-extension checklist for the PostgreSQL cluster for backup verification jobs.
KB-500037,Resolve storage threshold alerts on the PostgreSQL cluster during a capacity review,Database,Archival and storage-extension checklist for the PostgreSQL cluster during a capacity review.
KB-500038,Resolve storage threshold alerts on the PostgreSQL cluster for disaster-recovery drills,Database,Archival and storage-extension checklist for the PostgreSQL cluster for disaster-recovery drills.
KB-500039,Resolve storage threshold alerts on the PostgreSQL cluster during a maintenance window,Database,Archival and storage-extension checklist for the PostgreSQL cluster during a maintenance window.
KB-500040,Resolve storage threshold alerts on the PostgreSQL cluster for compliance audits,Database,Archival and storage-extension checklist for the PostgreSQL cluster for compliance audits.
KB-500041,Resolve storage threshold alerts on the SQL Server instance during month-end reporting,Database,Archival and storage-extension checklist for the SQL Server instance during month-end reporting.
KB-500042,Resolve storage threshold alerts on the SQL Server instance during payroll processing,Database,Archival and storage-extension checklist for the SQL Server instance during payroll processing.
KB-500043,Resolve storage threshold alerts on the SQL Server instance for audit workloads,Database,Archival and storage-extension checklist for the SQL Server instance for audit workloads.
KB-500044,Resolve storage threshold alerts on the SQL Server instance during nightly ETL windows,Database,Archival and storage-extension checklist for the SQL Server instance during nightly ETL windows.
KB-500045,Resolve storage threshold alerts on the SQL Server instance during schema migrations,Database,Archival and storage-extension checklist for the SQL Server instance during schema migrations.
KB-500046,Resolve storage threshold alerts on the SQL Server instance during peak trading hours,Database,Archival and storage-extension checklist for the SQL Server instance during peak trading hours.
KB-500047,Resolve storage threshold alerts on the SQL Server instance for high-availability pairs,Database,Archival and storage-extension checklist for the SQL Server instance for high-availability pairs.
KB-500048,Resolve storage threshold alerts on the SQL Server instance during failover testing,Database,Archival and storage-extension checklist for the SQL Server instance during failover testing.
KB-500049,Resolve storage threshold alerts on the SQL Server instance for multi-tenant workloads,Database,Archival and storage-extension checklist for the SQL Server instance for multi-tenant workloads.
KB-500050,Resolve storage threshold alerts on the SQL Server instance for reporting workloads,Database,Archival and storage-extension checklist for the SQL Server instance for reporting workloads.
KB-500051,Resolve storage threshold alerts on the SQL Server instance for data warehouse loads,Database,Archival and storage-extension checklist for the SQL Server instance for data warehouse loads.
KB-500052,Resolve storage threshold alerts on the SQL Server instance for customer-facing read replicas,Database,Archival and storage-extension checklist for the SQL Server instance for customer-facing read replicas.
KB-500053,Resolve storage threshold alerts on the SQL Server instance during a certificate rotation,Database,Archival and storage-extension checklist for the SQL Server instance during a certificate rotation.
KB-500054,Resolve storage threshold alerts on the SQL Server instance for encrypted-at-rest volumes,Database,Archival and storage-extension checklist for the SQL Server instance for encrypted-at-rest volumes.
KB-500055,Resolve storage threshold alerts on the SQL Server instance for cross-region replication,Database,Archival and storage-extension checklist for the SQL Server instance for cross-region replication.
KB-500056,Resolve storage threshold alerts on the SQL Server instance for backup verification jobs,Database,Archival and storage-extension checklist for the SQL Server instance for backup verification jobs.
KB-500057,Resolve storage threshold alerts on the SQL Server instance during a capacity review,Database,Archival and storage-extension checklist for the SQL Server instance during a capacity review.
KB-500058,Resolve storage threshold alerts on the SQL Server instance for disaster-recovery drills,Database,Archival and storage-extension checklist for the SQL Server instance for disaster-recovery drills.
KB-500059,Resolve storage threshold alerts on the SQL Server instance during a maintenance window,Database,Archival and storage-extension checklist for the SQL Server instance during a maintenance window.
KB-500060,Resolve storage threshold alerts on the SQL Server instance for compliance audits,Database,Archival and storage-extension checklist for the SQL Server instance for compliance audits.
KB-500061,Resolve storage threshold alerts on the MongoDB replica set during month-end reporting,Database,Archival and storage-extension checklist for the MongoDB replica set during month-end reporting.
KB-500062,Resolve storage threshold alerts on the MongoDB replica set during payroll processing,Database,Archival and storage-extension checklist for the MongoDB replica set during payroll processing.
KB-500063,Resolve storage threshold alerts on the MongoDB replica set for audit workloads,Database,Archival and storage-extension checklist for the MongoDB replica set for audit workloads.
KB-500064,Resolve storage threshold alerts on the MongoDB replica set during nightly ETL windows,Database,Archival and storage-extension checklist for the MongoDB replica set during nightly ETL windows.
KB-500065,Resolve storage threshold alerts on the MongoDB replica set during schema migrations,Database,Archival and storage-extension checklist for the MongoDB replica set during schema migrations.
KB-500066,Resolve storage threshold alerts on the MongoDB replica set during peak trading hours,Database,Archival and storage-extension checklist for the MongoDB replica set during peak trading hours.
KB-500067,Resolve storage threshold alerts on the MongoDB replica set for high-availability pairs,Database,Archival and storage-extension checklist for the MongoDB replica set for high-availability pairs.
KB-500068,Resolve storage threshold alerts on the MongoDB replica set during failover testing,Database,Archival and storage-extension checklist for the MongoDB replica set during failover testing.
KB-500069,Resolve storage threshold alerts on the MongoDB replica set for multi-tenant workloads,Database,Archival and storage-extension checklist for the MongoDB replica set for multi-tenant workloads.
KB-500070,Resolve storage threshold alerts on the MongoDB replica set for reporting workloads,Database,Archival and storage-extension checklist for the MongoDB replica set for reporting workloads.
KB-500071,Resolve storage threshold alerts on the MongoDB replica set for data warehouse loads,Database,Archival and storage-extension checklist for the MongoDB replica set for data warehouse loads.
KB-500072,Resolve storage threshold alerts on the MongoDB replica set for customer-facing read replicas,Database,Archival and storage-extension checklist for the MongoDB replica set for customer-facing read replicas.
KB-500073,Resolve storage threshold alerts on the MongoDB replica set during a certificate rotation,Database,Archival and storage-extension checklist for the MongoDB replica set during a certificate rotation.
KB-500074,Resolve storage threshold alerts on the MongoDB replica set for encrypted-at-rest volumes,Database,Archival and storage-extension checklist for the MongoDB replica set for encrypted-at-rest volumes.
KB-500075,Resolve storage threshold alerts on the MongoDB replica set for cross-region replication,Database,Archival and storage-extension checklist for the MongoDB replica set for cross-region replication.
KB-500076,Resolve storage threshold alerts on the MongoDB replica set for backup verification jobs,Database,Archival and storage-extension checklist for the MongoDB replica set for backup verification jobs.
KB-500077,Resolve storage threshold alerts on the MongoDB replica set during a capacity review,Database,Archival and storage-extension checklist for the MongoDB replica set during a capacity review.
KB-500078,Resolve storage threshold alerts on the MongoDB replica set for disaster-recovery drills,Database,Archival and storage-extension checklist for the MongoDB replica set for disaster-recovery drills.
KB-500079,Resolve storage threshold alerts on the MongoDB replica set during a maintenance window,Database,Archival and storage-extension checklist for the MongoDB replica set during a maintenance window.
KB-500080,Resolve storage threshold alerts on the MongoDB replica set for compliance audits,Database,Archival and storage-extension checklist for the MongoDB replica set for compliance audits.
KB-500081,Resolve storage threshold alerts on the reporting database during month-end reporting,Database,Archival and storage-extension checklist for the reporting database during month-end reporting.
KB-500082,Resolve storage threshold alerts on the reporting database during payroll processing,Database,Archival and storage-extension checklist for the reporting database during payroll processing.
KB-500083,Resolve storage threshold alerts on the reporting database for audit workloads,Database,Archival and storage-extension checklist for the reporting database for audit workloads.
KB-500084,Resolve storage threshold alerts on the reporting database during nightly ETL windows,Database,Archival and storage-extension checklist for the reporting database during nightly ETL windows.
KB-500085,Resolve storage threshold alerts on the reporting database during schema migrations,Database,Archival and storage-extension checklist for the reporting database during schema migrations.
KB-500086,Resolve storage threshold alerts on the reporting database during peak trading hours,Database,Archival and storage-extension checklist for the reporting database during peak trading hours.
KB-500087,Resolve storage threshold alerts on the reporting database for high-availability pairs,Database,Archival and storage-extension checklist for the reporting database for high-availability pairs.
KB-500088,Resolve storage threshold alerts on the reporting database during failover testing,Database,Archival and storage-extension checklist for the reporting database during failover testing.
KB-500089,Resolve storage threshold alerts on the reporting database for multi-tenant workloads,Database,Archival and storage-extension checklist for the reporting database for multi-tenant workloads.
KB-500090,Resolve storage threshold alerts on the reporting database for reporting workloads,Database,Archival and storage-extension checklist for the reporting database for reporting workloads.
KB-500091,Resolve storage threshold alerts on the reporting database for data warehouse loads,Database,Archival and storage-extension checklist for the reporting database for data warehouse loads.
KB-500092,Resolve storage threshold alerts on the reporting database for customer-facing read replicas,Database,Archival and storage-extension checklist for the reporting database for customer-facing read replicas.
KB-500093,Resolve storage threshold alerts on the reporting database during a certificate rotation,Database,Archival and storage-extension checklist for the reporting database during a certificate rotation.
KB-500094,Resolve storage threshold alerts on the reporting database for encrypted-at-rest volumes,Database,Archival and storage-extension checklist for the reporting database for encrypted-at-rest volumes.
KB-500095,Resolve storage threshold alerts on the reporting database for cross-region replication,Database,Archival and storage-extension checklist for the reporting database for cross-region replication.
KB-500096,Resolve storage threshold alerts on the reporting database for backup verification jobs,Database,Archival and storage-extension checklist for the reporting database for backup verification jobs.
KB-500097,Resolve storage threshold alerts on the reporting database during a capacity review,Database,Archival and storage-extension checklist for the reporting database during a capacity review.
KB-500098,Resolve storage threshold alerts on the reporting database for disaster-recovery drills,Database,Archival and storage-extension checklist for the reporting database for disaster-recovery drills.
KB-500099,Resolve storage threshold alerts on the reporting database during a maintenance window,Database,Archival and storage-extension checklist for the reporting database during a maintenance window.
KB-500100,Resolve storage threshold alerts on the reporting database for compliance audits,Database,Archival and storage-extension checklist for the reporting database for compliance audits.
KB-500101,Resolve storage threshold alerts on the production database during month-end reporting,Database,Archival and storage-extension checklist for the production database during month-end reporting.
KB-500102,Resolve storage threshold alerts on the production database during payroll processing,Database,Archival and storage-extension checklist for the production database during payroll processing.
KB-500103,Resolve storage threshold alerts on the production database for audit workloads,Database,Archival and storage-extension checklist for the production database for audit workloads.
KB-500104,Resolve storage threshold alerts on the production database during nightly ETL windows,Database,Archival and storage-extension checklist for the production database during nightly ETL windows.
KB-500105,Resolve storage threshold alerts on the production database during schema migrations,Database,Archival and storage-extension checklist for the production database during schema migrations.
KB-500106,Resolve storage threshold alerts on the production database during peak trading hours,Database,Archival and storage-extension checklist for the production database during peak trading hours.
KB-500107,Resolve storage threshold alerts on the production database for high-availability pairs,Database,Archival and storage-extension checklist for the production database for high-availability pairs.
KB-500108,Resolve storage threshold alerts on the production database during failover testing,Database,Archival and storage-extension checklist for the production database during failover testing.
KB-500109,Resolve storage threshold alerts on the production database for multi-tenant workloads,Database,Archival and storage-extension checklist for the production database for multi-tenant workloads.
KB-500110,Resolve storage threshold alerts on the production database for reporting workloads,Database,Archival and storage-extension checklist for the production database for reporting workloads.
KB-500111,Resolve storage threshold alerts on the production database for data warehouse loads,Database,Archival and storage-extension checklist for the production database for data warehouse loads.
KB-500112,Resolve storage threshold alerts on the production database for customer-facing read replicas,Database,Archival and storage-extension checklist for the production database for customer-facing read replicas.
KB-500113,Resolve storage threshold alerts on the production database during a certificate rotation,Database,Archival and storage-extension checklist for the production database during a certificate rotation.
KB-500114,Resolve storage threshold alerts on the production database for encrypted-at-rest volumes,Database,Archival and storage-extension checklist for the production database for encrypted-at-rest volumes.
KB-500115,Resolve storage threshold alerts on the production database for cross-region replication,Database,Archival and storage-extension checklist for the production database for cross-region replication.
KB-500116,Resolve storage threshold alerts on the production database for backup verification jobs,Database,Archival and storage-extension checklist for the production database for backup verification jobs.
KB-500117,Resolve storage threshold alerts on the production database during a capacity review,Database,Archival and storage-extension checklist for the production database during a capacity review.
KB-500118,Resolve storage threshold alerts on the production database for disaster-recovery drills,Database,Archival and storage-extension checklist for the production database for disaster-recovery drills.
KB-500119,Resolve storage threshold alerts on the production database during a maintenance window,Database,Archival and storage-extension checklist for the production database during a maintenance window.
KB-500120,Resolve storage threshold alerts on the production database for compliance audits,Database,Archival and storage-extension checklist for the production database for compliance audits.
KB-500121,Resolve storage threshold alerts on the backup volume during month-end reporting,Database,Archival and storage-extension checklist for the backup volume during month-end reporting.
KB-500122,Resolve storage threshold alerts on the backup volume during payroll processing,Database,Archival and storage-extension checklist for the backup volume during payroll processing.
KB-500123,Resolve storage threshold alerts on the backup volume for audit workloads,Database,Archival and storage-extension checklist for the backup volume for audit workloads.
KB-500124,Resolve storage threshold alerts on the backup volume during nightly ETL windows,Database,Archival and storage-extension checklist for the backup volume during nightly ETL windows.
KB-500125,Resolve storage threshold alerts on the backup volume during schema migrations,Database,Archival and storage-extension checklist for the backup volume during schema migrations.
KB-500126,Resolve storage threshold alerts on the backup volume during peak trading hours,Database,Archival and storage-extension checklist for the backup volume during peak trading hours.
KB-500127,Resolve storage threshold alerts on the backup volume for high-availability pairs,Database,Archival and storage-extension checklist for the backup volume for high-availability pairs.
KB-500128,Resolve storage threshold alerts on the backup volume during failover testing,Database,Archival and storage-extension checklist for the backup volume during failover testing.
KB-500129,Resolve storage threshold alerts on the backup volume for multi-tenant workloads,Database,Archival and storage-extension checklist for the backup volume for multi-tenant workloads.
KB-500130,Resolve storage threshold alerts on the backup volume for reporting workloads,Database,Archival and storage-extension checklist for the backup volume for reporting workloads.
KB-500131,Resolve storage threshold alerts on the backup volume for data warehouse loads,Database,Archival and storage-extension checklist for the backup volume for data warehouse loads.
KB-500132,Resolve storage threshold alerts on the backup volume for customer-facing read replicas,Database,Archival and storage-extension checklist for the backup volume for customer-facing read replicas.
KB-500133,Resolve storage threshold alerts on the backup volume during a certificate rotation,Database,Archival and storage-extension checklist for the backup volume during a certificate rotation.
KB-500134,Resolve storage threshold alerts on the backup volume for encrypted-at-rest volumes,Database,Archival and storage-extension checklist for the backup volume for encrypted-at-rest volumes.
KB-500135,Resolve storage threshold alerts on the backup volume for cross-region replication,Database,Archival and storage-extension checklist for the backup volume for cross-region replication.
KB-500136,Resolve storage threshold alerts on the backup volume for backup verification jobs,Database,Archival and storage-extension checklist for the backup volume for backup verification jobs.
KB-500137,Resolve storage threshold alerts on the backup volume during a capacity review,Database,Archival and storage-extension checklist for the backup volume during a capacity review.
KB-500138,Resolve storage threshold alerts on the backup volume for disaster-recovery drills,Database,Archival and storage-extension checklist for the backup volume for disaster-recovery drills.
KB-500139,Resolve storage threshold alerts on the backup volume during a maintenance window,Database,Archival and storage-extension checklist for the backup volume during a maintenance window.
KB-500140,Resolve storage threshold alerts on the backup volume for compliance audits,Database,Archival and storage-extension checklist for the backup volume for compliance audits.
KB-500141,Resolve storage threshold alerts on the analytics warehouse during month-end reporting,Database,Archival and storage-extension checklist for the analytics warehouse during month-end reporting.
KB-500142,Resolve storage threshold alerts on the analytics warehouse during payroll processing,Database,Archival and storage-extension checklist for the analytics warehouse during payroll processing.
KB-500143,Resolve storage threshold alerts on the analytics warehouse for audit workloads,Database,Archival and storage-extension checklist for the analytics warehouse for audit workloads.
KB-500144,Resolve storage threshold alerts on the analytics warehouse during nightly ETL windows,Database,Archival and storage-extension checklist for the analytics warehouse during nightly ETL windows.
KB-500145,Resolve storage threshold alerts on the analytics warehouse during schema migrations,Database,Archival and storage-extension checklist for the analytics warehouse during schema migrations.
KB-500146,Resolve storage threshold alerts on the analytics warehouse during peak trading hours,Database,Archival and storage-extension checklist for the analytics warehouse during peak trading hours.
KB-500147,Resolve storage threshold alerts on the analytics warehouse for high-availability pairs,Database,Archival and storage-extension checklist for the analytics warehouse for high-availability pairs.
KB-500148,Resolve storage threshold alerts on the analytics warehouse during failover testing,Database,Archival and storage-extension checklist for the analytics warehouse during failover testing.
KB-500149,Resolve storage threshold alerts on the analytics warehouse for multi-tenant workloads,Database,Archival and storage-extension checklist for the analytics warehouse for multi-tenant workloads.
KB-500150,Resolve storage threshold alerts on the analytics warehouse for reporting workloads,Database,Archival and storage-extension checklist for the analytics warehouse for reporting workloads.
KB-500151,Resolve storage threshold alerts on the analytics warehouse for data warehouse loads,Database,Archival and storage-extension checklist for the analytics warehouse for data warehouse loads.
KB-500152,Resolve storage threshold alerts on the analytics warehouse for customer-facing read replicas,Database,Archival and storage-extension checklist for the analytics warehouse for customer-facing read replicas.
KB-500153,Resolve storage threshold alerts on the analytics warehouse during a certificate rotation,Database,Archival and storage-extension checklist for the analytics warehouse during a certificate rotation.
KB-500154,Resolve storage threshold alerts on the analytics warehouse for encrypted-at-rest volumes,Database,Archival and storage-extension checklist for the analytics warehouse for encrypted-at-rest volumes.
KB-500155,Resolve storage threshold alerts on the analytics warehouse for cross-region replication,Database,Archival and storage-extension checklist for the analytics warehouse for cross-region replication.
KB-500156,Resolve storage threshold alerts on the analytics warehouse for backup verification jobs,Database,Archival and storage-extension checklist for the analytics warehouse for backup verification jobs.
KB-500157,Resolve storage threshold alerts on the analytics warehouse during a capacity review,Database,Archival and storage-extension checklist for the analytics warehouse during a capacity review.
KB-500158,Resolve storage threshold alerts on the analytics warehouse for disaster-recovery drills,Database,Archival and storage-extension checklist for the analytics warehouse for disaster-recovery drills.
KB-500159,Resolve storage threshold alerts on the analytics warehouse during a maintenance window,Database,Archival and storage-extension checklist for the analytics warehouse during a maintenance window.
KB-500160,Resolve storage threshold alerts on the analytics warehouse for compliance audits,Database,Archival and storage-extension checklist for the analytics warehouse for compliance audits.
KB-500161,Resolve storage threshold alerts on the customer data store during month-end reporting,Database,Archival and storage-extension checklist for the customer data store during month-end reporting.
KB-500162,Resolve storage threshold alerts on the customer data store during payroll processing,Database,Archival and storage-extension checklist for the customer data store during payroll processing.
KB-500163,Resolve storage threshold alerts on the customer data store for audit workloads,Database,Archival and storage-extension checklist for the customer data store for audit workloads.
KB-500164,Resolve storage threshold alerts on the customer data store during nightly ETL windows,Database,Archival and storage-extension checklist for the customer data store during nightly ETL windows.
KB-500165,Resolve storage threshold alerts on the customer data store during schema migrations,Database,Archival and storage-extension checklist for the customer data store during schema migrations.
KB-500166,Resolve storage threshold alerts on the customer data store during peak trading hours,Database,Archival and storage-extension checklist for the customer data store during peak trading hours.
KB-500167,Resolve storage threshold alerts on the customer data store for high-availability pairs,Database,Archival and storage-extension checklist for the customer data store for high-availability pairs.
KB-500168,Resolve storage threshold alerts on the customer data store during failover testing,Database,Archival and storage-extension checklist for the customer data store during failover testing.
KB-500169,Resolve storage threshold alerts on the customer data store for multi-tenant workloads,Database,Archival and storage-extension checklist for the customer data store for multi-tenant workloads.
KB-500170,Resolve storage threshold alerts on the customer data store for reporting workloads,Database,Archival and storage-extension checklist for the customer data store for reporting workloads.
KB-500171,Resolve storage threshold alerts on the customer data store for data warehouse loads,Database,Archival and storage-extension checklist for the customer data store for data warehouse loads.
KB-500172,Resolve storage threshold alerts on the customer data store for customer-facing read replicas,Database,Archival and storage-extension checklist for the customer data store for customer-facing read replicas.
KB-500173,Resolve storage threshold alerts on the customer data store during a certificate rotation,Database,Archival and storage-extension checklist for the customer data store during a certificate rotation.
KB-500174,Resolve storage threshold alerts on the customer data store for encrypted-at-rest volumes,Database,Archival and storage-extension checklist for the customer data store for encrypted-at-rest volumes.
KB-500175,Resolve storage threshold alerts on the customer data store for cross-region replication,Database,Archival and storage-extension checklist for the customer data store for cross-region replication.
KB-500176,Resolve storage threshold alerts on the customer data store for backup verification jobs,Database,Archival and storage-extension checklist for the customer data store for backup verification jobs.
KB-500177,Resolve storage threshold alerts on the customer data store during a capacity review,Database,Archival and storage-extension checklist for the customer data store during a capacity review.
KB-500178,Resolve storage threshold alerts on the customer data store for disaster-recovery drills,Database,Archival and storage-extension checklist for the customer data store for disaster-recovery drills.
KB-500179,Resolve storage threshold alerts on the customer data store during a maintenance window,Database,Archival and storage-extension checklist for the customer data store during a maintenance window.
KB-500180,Resolve storage threshold alerts on the customer data store for compliance audits,Database,Archival and storage-extension checklist for the customer data store for compliance audits.
KB-500181,Resolve storage threshold alerts on the billing database during month-end reporting,Database,Archival and storage-extension checklist for the billing database during month-end reporting.
KB-500182,Resolve storage threshold alerts on the billing database during payroll processing,Database,Archival and storage-extension checklist for the billing database during payroll processing.
KB-500183,Resolve storage threshold alerts on the billing database for audit workloads,Database,Archival and storage-extension checklist for the billing database for audit workloads.
KB-500184,Resolve storage threshold alerts on the billing database during nightly ETL windows,Database,Archival and storage-extension checklist for the billing database during nightly ETL windows.
KB-500185,Resolve storage threshold alerts on the billing database during schema migrations,Database,Archival and storage-extension checklist for the billing database during schema migrations.
KB-500186,Resolve storage threshold alerts on the billing database during peak trading hours,Database,Archival and storage-extension checklist for the billing database during peak trading hours.
KB-500187,Resolve storage threshold alerts on the billing database for high-availability pairs,Database,Archival and storage-extension checklist for the billing database for high-availability pairs.
KB-500188,Resolve storage threshold alerts on the billing database during failover testing,Database,Archival and storage-extension checklist for the billing database during failover testing.
KB-500189,Resolve storage threshold alerts on the billing database for multi-tenant workloads,Database,Archival and storage-extension checklist for the billing database for multi-tenant workloads.
KB-500190,Resolve storage threshold alerts on the billing database for reporting workloads,Database,Archival and storage-extension checklist for the billing database for reporting workloads.
KB-500191,Resolve storage threshold alerts on the billing database for data warehouse loads,Database,Archival and storage-extension checklist for the billing database for data warehouse loads.
KB-500192,Resolve storage threshold alerts on the billing database for customer-facing read replicas,Database,Archival and storage-extension checklist for the billing database for customer-facing read replicas.
KB-500193,Resolve storage threshold alerts on the billing database during a certificate rotation,Database,Archival and storage-extension checklist for the billing database during a certificate rotation.
KB-500194,Resolve storage threshold alerts on the billing database for encrypted-at-rest volumes,Database,Archival and storage-extension checklist for the billing database for encrypted-at-rest volumes.
KB-500195,Resolve storage threshold alerts on the billing database for cross-region replication,Database,Archival and storage-extension checklist for the billing database for cross-region replication.
KB-500196,Resolve storage threshold alerts on the billing database for backup verification jobs,Database,Archival and storage-extension checklist for the billing database for backup verification jobs.
KB-500197,Resolve storage threshold alerts on the billing database during a capacity review,Database,Archival and storage-extension checklist for the billing database during a capacity review.
KB-500198,Resolve storage threshold alerts on the billing database for disaster-recovery drills,Database,Archival and storage-extension checklist for the billing database for disaster-recovery drills.
KB-401,Repair unhealthy endpoint security agent,Endpoint,Instructions to reinstall endpoint security agents force policy sync and confirm compliance status.
KB-402,Resolve managed desktop driver issues,Endpoint,Steps to remove faulty drivers apply signed packages and confirm device stability after patching.
KB-400001,Recover a company laptop that won't boot for new hires,Endpoint,Reimaging and standard-build checklist for a company laptop for new hires.
KB-400002,Recover a company laptop that won't boot for field technicians,Endpoint,Reimaging and standard-build checklist for a company laptop for field technicians.
KB-400003,Recover a company laptop that won't boot for executives,Endpoint,Reimaging and standard-build checklist for a company laptop for executives.
KB-400004,Recover a company laptop that won't boot for warehouse kiosks,Endpoint,Reimaging and standard-build checklist for a company laptop for warehouse kiosks.
KB-400005,Recover a company laptop that won't boot for remote employees,Endpoint,Reimaging and standard-build checklist for a company laptop for remote employees.
KB-400006,Recover a company laptop that won't boot for contractor devices,Endpoint,Reimaging and standard-build checklist for a company laptop for contractor devices.
KB-400007,Recover a company laptop that won't boot for shared workstations,Endpoint,Reimaging and standard-build checklist for a company laptop for shared workstations.
KB-400008,Recover a company laptop that won't boot for point-of-sale terminals,Endpoint,Reimaging and standard-build checklist for a company laptop for point-of-sale terminals.
KB-400009,Recover a company laptop that won't boot for conference room hardware,Endpoint,Reimaging and standard-build checklist for a company laptop for conference room hardware.
KB-400010,Recover a company laptop that won't boot for loaner devices,Endpoint,Reimaging and standard-build checklist for a company laptop for loaner devices.
KB-400011,Recover a company laptop that won't boot after an OS upgrade,Endpoint,Reimaging and standard-build checklist for a company laptop after an OS upgrade.
KB-400012,Recover a company laptop that won't boot for BYOD devices,Endpoint,Reimaging and standard-build checklist for a company laptop for BYOD devices.
KB-400013,Recover a company laptop that won't boot for devices returning from repair,Endpoint,Reimaging and standard-build checklist for a company laptop for devices returning from repair.
KB-400014,Recover a company laptop that won't boot for offboarded employee devices,Endpoint,Reimaging and standard-build checklist for a company laptop for offboarded employee devices.
KB-400015,Recover a company laptop that won't boot for devices in low-connectivity sites,Endpoint,Reimaging and standard-build checklist for a company laptop for devices in low-connectivity sites.
KB-400016,Recover a company laptop that won't boot after a firmware update,Endpoint,Reimaging and standard-build checklist for a company laptop after a firmware update.
KB-400017,Recover a company laptop that won't boot for devices enrolled via Autopilot,Endpoint,Reimaging and standard-build checklist for a company laptop for devices enrolled via Autopilot.
KB-400018,Recover a company laptop that won't boot for devices with third-party VPN clients,Endpoint,Reimaging and standard-build checklist for a company laptop for devices with third-party VPN clients.
KB-400019,Recover a company laptop that won't boot for devices flagged by antivirus,Endpoint,Reimaging and standard-build checklist for a company laptop for devices flagged by antivirus.
KB-400020,Recover a company laptop that won't boot for devices missing a compliance certificate,Endpoint,Reimaging and standard-build checklist for a company laptop for devices missing a compliance certificate.
KB-400021,Recover a desktop workstation that won't boot for new hires,Endpoint,Reimaging and standard-build checklist for a desktop workstation for new hires.
KB-400022,Recover a desktop workstation that won't boot for field technicians,Endpoint,Reimaging and standard-build checklist for a desktop workstation for field technicians.
KB-400023,Recover a desktop workstation that won't boot for executives,Endpoint,Reimaging and standard-build checklist for a desktop workstation for executives.
KB-400024,Recover a desktop workstation that won't boot for warehouse kiosks,Endpoint,Reimaging and standard-build checklist for a desktop workstation for warehouse kiosks.
KB-400025,Recover a desktop workstation that won't boot for remote employees,Endpoint,Reimaging and standard-build checklist for a desktop workstation for remote employees.
KB-400026,Recover a desktop workstation that won't boot for contractor devices,Endpoint,Reimaging and standard-build checklist for a desktop workstation for contractor devices.
KB-400027,Recover a desktop workstation that won't boot for shared workstations,Endpoint,Reimaging and standard-build checklist for a desktop workstation for shared workstations.
KB-400028,Recover a desktop workstation that won't boot for point-of-sale terminals,Endpoint,Reimaging and standard-build checklist for a desktop workstation for point-of-sale terminals.
KB-400029,Recover a desktop workstation that won't boot for conference room hardware,Endpoint,Reimaging and standard-build checklist for a desktop workstation for conference room hardware.
KB-400030,Recover a desktop workstation that won't boot for loaner devices,Endpoint,Reimaging and standard-build checklist for a desktop workstation for loaner devices.
KB-400031,Recover a desktop workstation that won't boot after an OS upgrade,Endpoint,Reimaging and standard-build checklist for a desktop workstation after an OS upgrade.
KB-400032,Recover a desktop workstation that won't boot for BYOD devices,Endpoint,Reimaging and standard-build checklist for a desktop workstation for BYOD devices.
KB-400033,Recover a desktop workstation that won't boot for devices returning from repair,Endpoint,Reimaging and standard-build checklist for a desktop workstation for devices returning from repair.
KB-400034,Recover a desktop workstation that won't boot for offboarded employee devices,Endpoint,Reimaging and standard-build checklist for a desktop workstation for offboarded employee devices.
KB-400035,Recover a desktop workstation that won't boot for devices in low-connectivity sites,Endpoint,Reimaging and standard-build checklist for a desktop workstation for devices in low-connectivity sites.
KB-400036,Recover a desktop workstation that won't boot after a firmware update,Endpoint,Reimaging and standard-build checklist for a desktop workstation after a firmware update.
KB-400037,Recover a desktop workstation that won't boot for devices enrolled via Autopilot,Endpoint,Reimaging and standard-build checklist for a desktop workstation for devices enrolled via Autopilot.
KB-400038,Recover a desktop workstation that won't boot for devices with third-party VPN clients,Endpoint,Reimaging and standard-build checklist for a desktop workstation for devices with third-party VPN clients.
KB-400039,Recover a desktop workstation that won't boot for devices flagged by antivirus,Endpoint,Reimaging and standard-build checklist for a desktop workstation for devices flagged by antivirus.
KB-400040,Recover a desktop workstation that won't boot for devices missing a compliance certificate,Endpoint,Reimaging and standard-build checklist for a desktop workstation for devices missing a compliance certificate.
KB-400041,Recover a mobile device that won't boot for new hires,Endpoint,Reimaging and standard-build checklist for a mobile device for new hires.
KB-400042,Recover a mobile device that won't boot for field technicians,Endpoint,Reimaging and standard-build checklist for a mobile device for field technicians.
KB-400043,Recover a mobile device that won't boot for executives,Endpoint,Reimaging and standard-build checklist for a mobile device for executives.
KB-400044,Recover a mobile device that won't boot for warehouse kiosks,Endpoint,Reimaging and standard-build checklist for a mobile device for warehouse kiosks.
KB-400045,Recover a mobile device that won't boot for remote employees,Endpoint,Reimaging and standard-build checklist for a mobile device for remote employees.
KB-400046,Recover a mobile device that won't boot for contractor devices,Endpoint,Reimaging and standard-build checklist for a mobile device for contractor devices.
KB-400047,Recover a mobile device that won't boot for shared workstations,Endpoint,Reimaging and standard-build checklist for a mobile device for shared workstations.
KB-400048,Recover a mobile device that won't boot for point-of-sale terminals,Endpoint,Reimaging and standard-build checklist for a mobile device for point-of-sale terminals.
KB-400049,Recover a mobile device that won't boot for conference room hardware,Endpoint,Reimaging and standard-build checklist for a mobile device for conference room hardware.
KB-400050,Recover a mobile device that won't boot for loaner devices,Endpoint,Reimaging and standard-build checklist for a mobile device for loaner devices.
KB-400051,Recover a mobile device that won't boot after an OS upgrade,Endpoint,Reimaging and standard-build checklist for a mobile device after an OS upgrade.
KB-400052,Recover a mobile device that won't boot for BYOD devices,Endpoint,Reimaging and standard-build checklist for a mobile device for BYOD devices.
KB-400053,Recover a mobile device that won't boot for devices returning from repair,Endpoint,Reimaging and standard-build checklist for a mobile device for devices returning from repair.
KB-400054,Recover a mobile device that won't boot for offboarded employee devices,Endpoint,Reimaging and standard-build checklist for a mobile device for offboarded employee devices.
KB-400055,Recover a mobile device that won't boot for devices in low-connectivity sites,Endpoint,Reimaging and standard-build checklist for a mobile device for devices in low-connectivity sites.
KB-400056,Recover a mobile device that won't boot after a firmware update,Endpoint,Reimaging and standard-build checklist for a mobile device after a firmware update.
KB-400057,Recover a mobile device that won't boot for devices enrolled via Autopilot,Endpoint,Reimaging and standard-build checklist for a mobile device for devices enrolled via Autopilot.
KB-400058,Recover a mobile device that won't boot for devices with third-party VPN clients,Endpoint,Reimaging and standard-build checklist for a mobile device for devices with third-party VPN clients.
KB-400059,Recover a mobile device that won't boot for devices flagged by antivirus,Endpoint,Reimaging and standard-build checklist for a mobile device for devices flagged by antivirus.
KB-400060,Recover a mobile device that won't boot for devices missing a compliance certificate,Endpoint,Reimaging and standard-build checklist for a mobile device for devices missing a compliance certificate.
KB-400061,Recover a VDI session client that won't boot for new hires,Endpoint,Reimaging and standard-build checklist for a VDI session client for new hires.
KB-400062,Recover a VDI session client that won't boot for field technicians,Endpoint,Reimaging and standard-build checklist for a VDI session client for field technicians.
KB-400063,Recover a VDI session client that won't boot for executives,Endpoint,Reimaging and standard-build checklist for a VDI session client for executives.
KB-400064,Recover a VDI session client that won't boot for warehouse kiosks,Endpoint,Reimaging and standard-build checklist for a VDI session client for warehouse kiosks.
KB-400065,Recover a VDI session client that won't boot for remote employees,Endpoint,Reimaging and standard-build checklist for a VDI session client for remote employees.
KB-400066,Recover a VDI session client that won't boot for contractor devices,Endpoint,Reimaging and standard-build checklist for a VDI session client for contractor devices.
KB-400067,Recover a VDI session client that won't boot for shared workstations,Endpoint,Reimaging and standard-build checklist for a VDI session client for shared workstations.
KB-400068,Recover a VDI session client that won't boot for point-of-sale terminals,Endpoint,Reimaging and standard-build checklist for a VDI session client for point-of-sale terminals.
KB-400069,Recover a VDI session client that won't boot for conference room hardware,Endpoint,Reimaging and standard-build checklist for a VDI session client for conference room hardware.
KB-400070,Recover a VDI session client that won't boot for loaner devices,Endpoint,Reimaging and standard-build checklist for a VDI session client for loaner devices.
KB-400071,Recover a VDI session client that won't boot after an OS upgrade,Endpoint,Reimaging and standard-build checklist for a VDI session client after an OS upgrade.
KB-400072,Recover a VDI session client that won't boot for BYOD devices,Endpoint,Reimaging and standard-build checklist for a VDI session client for BYOD devices.
KB-400073,Recover a VDI session client that won't boot for devices returning from repair,Endpoint,Reimaging and standard-build checklist for a VDI session client for devices returning from repair.
KB-400074,Recover a VDI session client that won't boot for offboarded employee devices,Endpoint,Reimaging and standard-build checklist for a VDI session client for offboarded employee devices.
KB-400075,Recover a VDI session client that won't boot for devices in low-connectivity sites,Endpoint,Reimaging and standard-build checklist for a VDI session client for devices in low-connectivity sites.
KB-400076,Recover a VDI session client that won't boot after a firmware update,Endpoint,Reimaging and standard-build checklist for a VDI session client after a firmware update.
KB-400077,Recover a VDI session client that won't boot for devices enrolled via Autopilot,Endpoint,Reimaging and standard-build checklist for a VDI session client for devices enrolled via Autopilot.
KB-400078,Recover a VDI session client that won't boot for devices with third-party VPN clients,Endpoint,Reimaging and standard-build checklist for a VDI session client for devices with third-party VPN clients.
KB-400079,Recover a VDI session client that won't boot for devices flagged by antivirus,Endpoint,Reimaging and standard-build checklist for a VDI session client for devices flagged by antivirus.
KB-400080,Recover a VDI session client that won't boot for devices missing a compliance certificate,Endpoint,Reimaging and standard-build checklist for a VDI session client for devices missing a compliance certificate.
KB-400081,Recover a point-of-sale terminal that won't boot for new hires,Endpoint,Reimaging and standard-build checklist for a point-of-sale terminal for new hires.
KB-400082,Recover a point-of-sale terminal that won't boot for field technicians,Endpoint,Reimaging and standard-build checklist for a point-of-sale terminal for field technicians.
KB-400083,Recover a point-of-sale terminal that won't boot for executives,Endpoint,Reimaging and standard-build checklist for a point-of-sale terminal for executives.
KB-400084,Recover a point-of-sale terminal that won't boot for warehouse kiosks,Endpoint,Reimaging and standard-build checklist for a point-of-sale terminal for warehouse kiosks.
KB-400085,Recover a point-of-sale terminal that won't boot for remote employees,Endpoint,Reimaging and standard-build checklist for a point-of-sale terminal for remote employees.
KB-400086,Recover a point-of-sale terminal that won't boot for contractor devices,Endpoint,Reimaging and standard-build checklist for a point-of-sale terminal for contractor devices.
KB-400087,Recover a point-of-sale terminal that won't boot for shared workstations,Endpoint,Reimaging and standard-build checklist for a point-of-sale terminal for shared workstations.
KB-400088,Recover a point-of-sale terminal that won't boot for point-of-sale terminals,Endpoint,Reimaging and standard-build checklist for a point-of-sale terminal for point-of-sale terminals.
KB-400089,Recover a point-of-sale terminal that won't boot for conference room hardware,Endpoint,Reimaging and standard-build checklist for a point-of-sale terminal for conference room hardware.
KB-400090,Recover a point-of-sale terminal that won't boot for loaner devices,Endpoint,Reimaging and standard-build checklist for a point-of-sale terminal for loaner devices.
KB-400091,Recover a point-of-sale terminal that won't boot after an OS upgrade,Endpoint,Reimaging and standard-build checklist for a point-of-sale terminal after an OS upgrade.
KB-400092,Recover a point-of-sale terminal that won't boot for BYOD devices,Endpoint,Reimaging and standard-build checklist for a point-of-sale terminal for BYOD devices.
KB-400093,Recover a point-of-sale terminal that won't boot for devices returning from repair,Endpoint,Reimaging and standard-build checklist for a point-of-sale terminal for devices returning from repair.
KB-400094,Recover a point-of-sale terminal that won't boot for offboarded employee devices,Endpoint,Reimaging and standard-build checklist for a point-of-sale terminal for offboarded employee devices.
KB-400095,Recover a point-of-sale terminal that won't boot for devices in low-connectivity sites,Endpoint,Reimaging and standard-build checklist for a point-of-sale terminal for devices in low-connectivity sites.
KB-400096,Recover a point-of-sale terminal that won't boot after a firmware update,Endpoint,Reimaging and standard-build checklist for a point-of-sale terminal after a firmware update.
KB-400097,Recover a point-of-sale terminal that won't boot for devices enrolled via Autopilot,Endpoint,Reimaging and standard-build checklist for a point-of-sale terminal for devices enrolled via Autopilot.
KB-400098,Recover a point-of-sale terminal that won't boot for devices with third-party VPN clients,Endpoint,Reimaging and standard-build checklist for a point-of-sale terminal for devices with third-party VPN clients.
KB-400099,Recover a point-of-sale terminal that won't boot for devices flagged by antivirus,Endpoint,Reimaging and standard-build checklist for a point-of-sale terminal for devices flagged by antivirus.
KB-400100,Recover a point-of-sale terminal that won't boot for devices missing a compliance certificate,Endpoint,Reimaging and standard-build checklist for a point-of-sale terminal for devices missing a compliance certificate.
KB-400101,Recover a field service tablet that won't boot for new hires,Endpoint,Reimaging and standard-build checklist for a field service tablet for new hires.
KB-400102,Recover a field service tablet that won't boot for field technicians,Endpoint,Reimaging and standard-build checklist for a field service tablet for field technicians.
KB-400103,Recover a field service tablet that won't boot for executives,Endpoint,Reimaging and standard-build checklist for a field service tablet for executives.
KB-400104,Recover a field service tablet that won't boot for warehouse kiosks,Endpoint,Reimaging and standard-build checklist for a field service tablet for warehouse kiosks.
KB-400105,Recover a field service tablet that won't boot for remote employees,Endpoint,Reimaging and standard-build checklist for a field service tablet for remote employees.
KB-400106,Recover a field service tablet that won't boot for contractor devices,Endpoint,Reimaging and standard-build checklist for a field service tablet for contractor devices.
KB-400107,Recover a field service tablet that won't boot for shared workstations,Endpoint,Reimaging and standard-build checklist for a field service tablet for shared workstations.
KB-400108,Recover a field service tablet that won't boot for point-of-sale terminals,Endpoint,Reimaging and standard-build checklist for a field service tablet for point-of-sale terminals.
KB-400109,Recover a field service tablet that won't boot for conference room hardware,Endpoint,Reimaging and standard-build checklist for a field service tablet for conference room hardware.
KB-400110,Recover a field service tablet that won't boot for loaner devices,Endpoint,Reimaging and standard-build checklist for a field service tablet for loaner devices.
KB-400111,Recover a field service tablet that won't boot after an OS upgrade,Endpoint,Reimaging and standard-build checklist for a field service tablet after an OS upgrade.
KB-400112,Recover a field service tablet that won't boot for BYOD devices,Endpoint,Reimaging and standard-build checklist for a field service tablet for BYOD devices.
KB-400113,Recover a field service tablet that won't boot for devices returning from repair,Endpoint,Reimaging and standard-build checklist for a field service tablet for devices returning from repair.
KB-400114,Recover a field service tablet that won't boot for offboarded employee devices,Endpoint,Reimaging and standard-build checklist for a field service tablet for offboarded employee devices.
KB-400115,Recover a field service tablet that won't boot for devices in low-connectivity sites,Endpoint,Reimaging and standard-build checklist for a field service tablet for devices in low-connectivity sites.
KB-400116,Recover a field service tablet that won't boot after a firmware update,Endpoint,Reimaging and standard-build checklist for a field service tablet after a firmware update.
KB-400117,Recover a field service tablet that won't boot for devices enrolled via Autopilot,Endpoint,Reimaging and standard-build checklist for a field service tablet for devices enrolled via Autopilot.
KB-400118,Recover a field service tablet that won't boot for devices with third-party VPN clients,Endpoint,Reimaging and standard-build checklist for a field service tablet for devices with third-party VPN clients.
KB-400119,Recover a field service tablet that won't boot for devices flagged by antivirus,Endpoint,Reimaging and standard-build checklist for a field service tablet for devices flagged by antivirus.
KB-400120,Recover a field service tablet that won't boot for devices missing a compliance certificate,Endpoint,Reimaging and standard-build checklist for a field service tablet for devices missing a compliance certificate.
KB-400121,Recover a warehouse handheld scanner that won't boot for new hires,Endpoint,Reimaging and standard-build checklist for a warehouse handheld scanner for new hires.
KB-400122,Recover a warehouse handheld scanner that won't boot for field technicians,Endpoint,Reimaging and standard-build checklist for a warehouse handheld scanner for field technicians.
KB-400123,Recover a warehouse handheld scanner that won't boot for executives,Endpoint,Reimaging and standard-build checklist for a warehouse handheld scanner for executives.
KB-400124,Recover a warehouse handheld scanner that won't boot for warehouse kiosks,Endpoint,Reimaging and standard-build checklist for a warehouse handheld scanner for warehouse kiosks.
KB-400125,Recover a warehouse handheld scanner that won't boot for remote employees,Endpoint,Reimaging and standard-build checklist for a warehouse handheld scanner for remote employees.
KB-400126,Recover a warehouse handheld scanner that won't boot for contractor devices,Endpoint,Reimaging and standard-build checklist for a warehouse handheld scanner for contractor devices.
KB-400127,Recover a warehouse handheld scanner that won't boot for shared workstations,Endpoint,Reimaging and standard-build checklist for a warehouse handheld scanner for shared workstations.
KB-400128,Recover a warehouse handheld scanner that won't boot for point-of-sale terminals,Endpoint,Reimaging and standard-build checklist for a warehouse handheld scanner for point-of-sale terminals.
KB-400129,Recover a warehouse handheld scanner that won't boot for conference room hardware,Endpoint,Reimaging and standard-build checklist for a warehouse handheld scanner for conference room hardware.
KB-400130,Recover a warehouse handheld scanner that won't boot for loaner devices,Endpoint,Reimaging and standard-build checklist for a warehouse handheld scanner for loaner devices.
KB-400131,Recover a warehouse handheld scanner that won't boot after an OS upgrade,Endpoint,Reimaging and standard-build checklist for a warehouse handheld scanner after an OS upgrade.
KB-400132,Recover a warehouse handheld scanner that won't boot for BYOD devices,Endpoint,Reimaging and standard-build checklist for a warehouse handheld scanner for BYOD devices.
KB-400133,Recover a warehouse handheld scanner that won't boot for devices returning from repair,Endpoint,Reimaging and standard-build checklist for a warehouse handheld scanner for devices returning from repair.
KB-400134,Recover a warehouse handheld scanner that won't boot for offboarded employee devices,Endpoint,Reimaging and standard-build checklist for a warehouse handheld scanner for offboarded employee devices.
KB-400135,Recover a warehouse handheld scanner that won't boot for devices in low-connectivity sites,Endpoint,Reimaging and standard-build checklist for a warehouse handheld scanner for devices in low-connectivity sites.
KB-400136,Recover a warehouse handheld scanner that won't boot after a firmware update,Endpoint,Reimaging and standard-build checklist for a warehouse handheld scanner after a firmware update.
KB-400137,Recover a warehouse handheld scanner that won't boot for devices enrolled via Autopilot,Endpoint,Reimaging and standard-build checklist for a warehouse handheld scanner for devices enrolled via Autopilot.
KB-400138,Recover a warehouse handheld scanner that won't boot for devices with third-party VPN clients,Endpoint,Reimaging and standard-build checklist for a warehouse handheld scanner for devices with third-party VPN clients.
KB-400139,Recover a warehouse handheld scanner that won't boot for devices flagged by antivirus,Endpoint,Reimaging and standard-build checklist for a warehouse handheld scanner for devices flagged by antivirus.
KB-400140,Recover a warehouse handheld scanner that won't boot for devices missing a compliance certificate,Endpoint,Reimaging and standard-build checklist for a warehouse handheld scanner for devices missing a compliance certificate.
KB-400141,Recover a kiosk terminal that won't boot for new hires,Endpoint,Reimaging and standard-build checklist for a kiosk terminal for new hires.
KB-400142,Recover a kiosk terminal that won't boot for field technicians,Endpoint,Reimaging and standard-build checklist for a kiosk terminal for field technicians.
KB-400143,Recover a kiosk terminal that won't boot for executives,Endpoint,Reimaging and standard-build checklist for a kiosk terminal for executives.
KB-400144,Recover a kiosk terminal that won't boot for warehouse kiosks,Endpoint,Reimaging and standard-build checklist for a kiosk terminal for warehouse kiosks.
KB-400145,Recover a kiosk terminal that won't boot for remote employees,Endpoint,Reimaging and standard-build checklist for a kiosk terminal for remote employees.
KB-400146,Recover a kiosk terminal that won't boot for contractor devices,Endpoint,Reimaging and standard-build checklist for a kiosk terminal for contractor devices.
KB-400147,Recover a kiosk terminal that won't boot for shared workstations,Endpoint,Reimaging and standard-build checklist for a kiosk terminal for shared workstations.
KB-400148,Recover a kiosk terminal that won't boot for point-of-sale terminals,Endpoint,Reimaging and standard-build checklist for a kiosk terminal for point-of-sale terminals.
KB-400149,Recover a kiosk terminal that won't boot for conference room hardware,Endpoint,Reimaging and standard-build checklist for a kiosk terminal for conference room hardware.
KB-400150,Recover a kiosk terminal that won't boot for loaner devices,Endpoint,Reimaging and standard-build checklist for a kiosk terminal for loaner devices.
KB-400151,Recover a kiosk terminal that won't boot after an OS upgrade,Endpoint,Reimaging and standard-build checklist for a kiosk terminal after an OS upgrade.
KB-400152,Recover a kiosk terminal that won't boot for BYOD devices,Endpoint,Reimaging and standard-build checklist for a kiosk terminal for BYOD devices.
KB-400153,Recover a kiosk terminal that won't boot for devices returning from repair,Endpoint,Reimaging and standard-build checklist for a kiosk terminal for devices returning from repair.
KB-400154,Recover a kiosk terminal that won't boot for offboarded employee devices,Endpoint,Reimaging and standard-build checklist for a kiosk terminal for offboarded employee devices.
KB-400155,Recover a kiosk terminal that won't boot for devices in low-connectivity sites,Endpoint,Reimaging and standard-build checklist for a kiosk terminal for devices in low-connectivity sites.
KB-400156,Recover a kiosk terminal that won't boot after a firmware update,Endpoint,Reimaging and standard-build checklist for a kiosk terminal after a firmware update.
KB-400157,Recover a kiosk terminal that won't boot for devices enrolled via Autopilot,Endpoint,Reimaging and standard-build checklist for a kiosk terminal for devices enrolled via Autopilot.
KB-400158,Recover a kiosk terminal that won't boot for devices with third-party VPN clients,Endpoint,Reimaging and standard-build checklist for a kiosk terminal for devices with third-party VPN clients.
KB-400159,Recover a kiosk terminal that won't boot for devices flagged by antivirus,Endpoint,Reimaging and standard-build checklist for a kiosk terminal for devices flagged by antivirus.
KB-400160,Recover a kiosk terminal that won't boot for devices missing a compliance certificate,Endpoint,Reimaging and standard-build checklist for a kiosk terminal for devices missing a compliance certificate.
KB-400161,Recover a conference room PC that won't boot for new hires,Endpoint,Reimaging and standard-build checklist for a conference room PC for new hires.
KB-400162,Recover a conference room PC that won't boot for field technicians,Endpoint,Reimaging and standard-build checklist for a conference room PC for field technicians.
KB-400163,Recover a conference room PC that won't boot for executives,Endpoint,Reimaging and standard-build checklist for a conference room PC for executives.
KB-400164,Recover a conference room PC that won't boot for warehouse kiosks,Endpoint,Reimaging and standard-build checklist for a conference room PC for warehouse kiosks.
KB-400165,Recover a conference room PC that won't boot for remote employees,Endpoint,Reimaging and standard-build checklist for a conference room PC for remote employees.
KB-400166,Recover a conference room PC that won't boot for contractor devices,Endpoint,Reimaging and standard-build checklist for a conference room PC for contractor devices.
KB-400167,Recover a conference room PC that won't boot for shared workstations,Endpoint,Reimaging and standard-build checklist for a conference room PC for shared workstations.
KB-400168,Recover a conference room PC that won't boot for point-of-sale terminals,Endpoint,Reimaging and standard-build checklist for a conference room PC for point-of-sale terminals.
KB-400169,Recover a conference room PC that won't boot for conference room hardware,Endpoint,Reimaging and standard-build checklist for a conference room PC for conference room hardware.
KB-400170,Recover a conference room PC that won't boot for loaner devices,Endpoint,Reimaging and standard-build checklist for a conference room PC for loaner devices.
KB-400171,Recover a conference room PC that won't boot after an OS upgrade,Endpoint,Reimaging and standard-build checklist for a conference room PC after an OS upgrade.
KB-400172,Recover a conference room PC that won't boot for BYOD devices,Endpoint,Reimaging and standard-build checklist for a conference room PC for BYOD devices.
KB-400173,Recover a conference room PC that won't boot for devices returning from repair,Endpoint,Reimaging and standard-build checklist for a conference room PC for devices returning from repair.
KB-400174,Recover a conference room PC that won't boot for offboarded employee devices,Endpoint,Reimaging and standard-build checklist for a conference room PC for offboarded employee devices.
KB-400175,Recover a conference room PC that won't boot for devices in low-connectivity sites,Endpoint,Reimaging and standard-build checklist for a conference room PC for devices in low-connectivity sites.
KB-400176,Recover a conference room PC that won't boot after a firmware update,Endpoint,Reimaging and standard-build checklist for a conference room PC after a firmware update.
KB-400177,Recover a conference room PC that won't boot for devices enrolled via Autopilot,Endpoint,Reimaging and standard-build checklist for a conference room PC for devices enrolled via Autopilot.
KB-400178,Recover a conference room PC that won't boot for devices with third-party VPN clients,Endpoint,Reimaging and standard-build checklist for a conference room PC for devices with third-party VPN clients.
KB-400179,Recover a conference room PC that won't boot for devices flagged by antivirus,Endpoint,Reimaging and standard-build checklist for a conference room PC for devices flagged by antivirus.
KB-400180,Recover a conference room PC that won't boot for devices missing a compliance certificate,Endpoint,Reimaging and standard-build checklist for a conference room PC for devices missing a compliance certificate.
KB-400181,Recover a ruggedized laptop that won't boot for new hires,Endpoint,Reimaging and standard-build checklist for a ruggedized laptop for new hires.
KB-400182,Recover a ruggedized laptop that won't boot for field technicians,Endpoint,Reimaging and standard-build checklist for a ruggedized laptop for field technicians.
KB-400183,Recover a ruggedized laptop that won't boot for executives,Endpoint,Reimaging and standard-build checklist for a ruggedized laptop for executives.
KB-400184,Recover a ruggedized laptop that won't boot for warehouse kiosks,Endpoint,Reimaging and standard-build checklist for a ruggedized laptop for warehouse kiosks.
KB-400185,Recover a ruggedized laptop that won't boot for remote employees,Endpoint,Reimaging and standard-build checklist for a ruggedized laptop for remote employees.
KB-400186,Recover a ruggedized laptop that won't boot for contractor devices,Endpoint,Reimaging and standard-build checklist for a ruggedized laptop for contractor devices.
KB-400187,Recover a ruggedized laptop that won't boot for shared workstations,Endpoint,Reimaging and standard-build checklist for a ruggedized laptop for shared workstations.
KB-400188,Recover a ruggedized laptop that won't boot for point-of-sale terminals,Endpoint,Reimaging and standard-build checklist for a ruggedized laptop for point-of-sale terminals.
KB-400189,Recover a ruggedized laptop that won't boot for conference room hardware,Endpoint,Reimaging and standard-build checklist for a ruggedized laptop for conference room hardware.
KB-400190,Recover a ruggedized laptop that won't boot for loaner devices,Endpoint,Reimaging and standard-build checklist for a ruggedized laptop for loaner devices.
KB-400191,Recover a ruggedized laptop that won't boot after an OS upgrade,Endpoint,Reimaging and standard-build checklist for a ruggedized laptop after an OS upgrade.
KB-400192,Recover a ruggedized laptop that won't boot for BYOD devices,Endpoint,Reimaging and standard-build checklist for a ruggedized laptop for BYOD devices.
KB-400193,Recover a ruggedized laptop that won't boot for devices returning from repair,Endpoint,Reimaging and standard-build checklist for a ruggedized laptop for devices returning from repair.
KB-400194,Recover a ruggedized laptop that won't boot for offboarded employee devices,Endpoint,Reimaging and standard-build checklist for a ruggedized laptop for offboarded employee devices.
KB-400195,Recover a ruggedized laptop that won't boot for devices in low-connectivity sites,Endpoint,Reimaging and standard-build checklist for a ruggedized laptop for devices in low-connectivity sites.
KB-400196,Recover a ruggedized laptop that won't boot after a firmware update,Endpoint,Reimaging and standard-build checklist for a ruggedized laptop after a firmware update.
KB-400197,Recover a ruggedized laptop that won't boot for devices enrolled via Autopilot,Endpoint,Reimaging and standard-build checklist for a ruggedized laptop for devices enrolled via Autopilot.
KB-400198,Recover a ruggedized laptop that won't boot for devices with third-party VPN clients,Endpoint,Reimaging and standard-build checklist for a ruggedized laptop for devices with third-party VPN clients.
KB-201,Troubleshoot Cisco AnyConnect instability,Network,Checklist for VPN disconnects including client version profile corruption tunnel logs and gateway failover validation.
KB-202,Internal DNS resolution failure runbook,Network,Runbook for validating DNS zones resolver cache split horizon records and service health.
KB-200001,Troubleshoot Cisco AnyConnect instability for remote offices,Network,"Checklist for client version, profile corruption, tunnel logs, and gateway failover validation for Cisco AnyConnect for remote offices."
KB-200002,Troubleshoot Cisco AnyConnect instability for branch locations,Network,"Checklist for client version, profile corruption, tunnel logs, and gateway failover validation for Cisco AnyConnect for branch locations."
KB-200003,Troubleshoot Cisco AnyConnect instability on mobile clients,Network,"Checklist for client version, profile corruption, tunnel logs, and gateway failover validation for Cisco AnyConnect on mobile clients."
KB-200004,Troubleshoot Cisco AnyConnect instability after a firmware update,Network,"Checklist for client version, profile corruption, tunnel logs, and gateway failover validation for Cisco AnyConnect after a firmware update."
KB-200005,Troubleshoot Cisco AnyConnect instability for site-to-site tunnels,Network,"Checklist for client version, profile corruption, tunnel logs, and gateway failover validation for Cisco AnyConnect for site-to-site tunnels."
KB-200006,Troubleshoot Cisco AnyConnect instability during peak business hours,Network,"Checklist for client version, profile corruption, tunnel logs, and gateway failover validation for Cisco AnyConnect during peak business hours."
KB-200007,Troubleshoot Cisco AnyConnect instability for VIP users,Network,"Checklist for client version, profile corruption, tunnel logs, and gateway failover validation for Cisco AnyConnect for VIP users."
KB-200008,Troubleshoot Cisco AnyConnect instability after an ISP failover,Network,"Checklist for client version, profile corruption, tunnel logs, and gateway failover validation for Cisco AnyConnect after an ISP failover."
KB-200009,Troubleshoot Cisco AnyConnect instability on guest networks,Network,"Checklist for client version, profile corruption, tunnel logs, and gateway failover validation for Cisco AnyConnect on guest networks."
KB-200010,Troubleshoot Cisco AnyConnect instability for VoIP traffic,Network,"Checklist for client version, profile corruption, tunnel logs, and gateway failover validation for Cisco AnyConnect for VoIP traffic."
KB-200011,Troubleshoot Cisco AnyConnect instability after a configuration change,Network,"Checklist for client version, profile corruption, tunnel logs, and gateway failover validation for Cisco AnyConnect after a configuration change."
KB-200012,Troubleshoot Cisco AnyConnect instability for multi-site deployments,Network,"Checklist for client version, profile corruption, tunnel logs, and gateway failover validation for Cisco AnyConnect for multi-site deployments."
KB-200013,Troubleshoot Cisco AnyConnect instability on legacy hardware,Network,"Checklist for client version, profile corruption, tunnel logs, and gateway failover validation for Cisco AnyConnect on legacy hardware."
KB-200014,Troubleshoot Cisco AnyConnect instability after a provider outage,Network,"Checklist for client version, profile corruption, tunnel logs, and gateway failover validation for Cisco AnyConnect after a provider outage."
KB-200015,Troubleshoot Cisco AnyConnect instability for high-availability pairs,Network,"Checklist for client version, profile corruption, tunnel logs, and gateway failover validation for Cisco AnyConnect for high-availability pairs."
KB-200016,Troubleshoot Cisco AnyConnect instability during a planned migration,Network,"Checklist for client version, profile corruption, tunnel logs, and gateway failover validation for Cisco AnyConnect during a planned migration."
KB-200017,Troubleshoot Cisco AnyConnect instability for satellite offices,Network,"Checklist for client version, profile corruption, tunnel logs, and gateway failover validation for Cisco AnyConnect for satellite offices."
KB-200018,Troubleshoot Cisco AnyConnect instability on encrypted tunnels,Network,"Checklist for client version, profile corruption, tunnel logs, and gateway failover validation for Cisco AnyConnect on encrypted tunnels."
KB-200019,Troubleshoot Cisco AnyConnect instability for contractor VPN access,Network,"Checklist for client version, profile corruption, tunnel logs, and gateway failover validation for Cisco AnyConnect for contractor VPN access."
KB-200020,Troubleshoot Cisco AnyConnect instability after a certificate authority change,Network,"Checklist for client version, profile corruption, tunnel logs, and gateway failover validation for Cisco AnyConnect after a certificate authority change."
KB-200021,Troubleshoot Palo Alto GlobalProtect instability for remote offices,Network,"Checklist for client version, profile corruption, tunnel logs, and gateway failover validation for Palo Alto GlobalProtect for remote offices."
KB-200022,Troubleshoot Palo Alto GlobalProtect instability for branch locations,Network,"Checklist for client version, profile corruption, tunnel logs, and gateway failover validation for Palo Alto GlobalProtect for branch locations."
KB-200023,Troubleshoot Palo Alto GlobalProtect instability on mobile clients,Network,"Checklist for client version, profile corruption, tunnel logs, and gateway failover validation for Palo Alto GlobalProtect on mobile clients."
KB-200024,Troubleshoot Palo Alto GlobalProtect instability after a firmware update,Network,"Checklist for client version, profile corruption, tunnel logs, and gateway failover validation for Palo Alto GlobalProtect after a firmware update."
KB-200025,Troubleshoot Palo Alto GlobalProtect instability for site-to-site tunnels,Network,"Checklist for client version, profile corruption, tunnel logs, and gateway failover validation for Palo Alto GlobalProtect for site-to-site tunnels."
KB-200026,Troubleshoot Palo Alto GlobalProtect instability during peak business hours,Network,"Checklist for client version, profile corruption, tunnel logs, and gateway failover validation for Palo Alto GlobalProtect during peak business hours."
KB-200027,Troubleshoot Palo Alto GlobalProtect instability for VIP users,Network,"Checklist for client version, profile corruption, tunnel logs, and gateway failover validation for Palo Alto GlobalProtect for VIP users."
KB-200028,Troubleshoot Palo Alto GlobalProtect instability after an ISP failover,Network,"Checklist for client version, profile corruption, tunnel logs, and gateway failover validation for Palo Alto GlobalProtect after an ISP failover."
KB-200029,Troubleshoot Palo Alto GlobalProtect instability on guest networks,Network,"Checklist for client version, profile corruption, tunnel logs, and gateway failover validation for Palo Alto GlobalProtect on guest networks."
KB-200030,Troubleshoot Palo Alto GlobalProtect instability for VoIP traffic,Network,"Checklist for client version, profile corruption, tunnel logs, and gateway failover validation for Palo Alto GlobalProtect for VoIP traffic."
KB-200031,Troubleshoot Palo Alto GlobalProtect instability after a configuration change,Network,"Checklist for client version, profile corruption, tunnel logs, and gateway failover validation for Palo Alto GlobalProtect after a configuration change."
KB-200032,Troubleshoot Palo Alto GlobalProtect instability for multi-site deployments,Network,"Checklist for client version, profile corruption, tunnel logs, and gateway failover validation for Palo Alto GlobalProtect for multi-site deployments."
KB-200033,Troubleshoot Palo Alto GlobalProtect instability on legacy hardware,Network,"Checklist for client version, profile corruption, tunnel logs, and gateway failover validation for Palo Alto GlobalProtect on legacy hardware."
KB-200034,Troubleshoot Palo Alto GlobalProtect instability after a provider outage,Network,"Checklist for client version, profile corruption, tunnel logs, and gateway failover validation for Palo Alto GlobalProtect after a provider outage."
KB-200035,Troubleshoot Palo Alto GlobalProtect instability for high-availability pairs,Network,"Checklist for client version, profile corruption, tunnel logs, and gateway failover validation for Palo Alto GlobalProtect for high-availability pairs."
KB-200036,Troubleshoot Palo Alto GlobalProtect instability during a planned migration,Network,"Checklist for client version, profile corruption, tunnel logs, and gateway failover validation for Palo Alto GlobalProtect during a planned migration."
KB-200037,Troubleshoot Palo Alto GlobalProtect instability for satellite offices,Network,"Checklist for client version, profile corruption, tunnel logs, and gateway failover validation for Palo Alto GlobalProtect for satellite offices."
KB-200038,Troubleshoot Palo Alto GlobalProtect instability on encrypted tunnels,Network,"Checklist for client version, profile corruption, tunnel logs, and gateway failover validation for Palo Alto GlobalProtect on encrypted tunnels."
KB-200039,Troubleshoot Palo Alto GlobalProtect instability for contractor VPN access,Network,"Checklist for client version, profile corruption, tunnel logs, and gateway failover validation for Palo Alto GlobalProtect for contractor VPN access."
KB-200040,Troubleshoot Palo Alto GlobalProtect instability after a certificate authority change,Network,"Checklist for client version, profile corruption, tunnel logs, and gateway failover validation for Palo Alto GlobalProtect after a certificate authority change."
KB-200041,Troubleshoot the SD-WAN link instability for remote offices,Network,"Checklist for client version, profile corruption, tunnel logs, and gateway failover validation for the SD-WAN link for remote offices."
KB-200042,Troubleshoot the SD-WAN link instability for branch locations,Network,"Checklist for client version, profile corruption, tunnel logs, and gateway failover validation for the SD-WAN link for branch locations."
KB-200043,Troubleshoot the SD-WAN link instability on mobile clients,Network,"Checklist for client version, profile corruption, tunnel logs, and gateway failover validation for the SD-WAN link on mobile clients."
KB-200044,Troubleshoot the SD-WAN link instability after a firmware update,Network,"Checklist for client version, profile corruption, tunnel logs, and gateway failover validation for the SD-WAN link after a firmware update."
KB-200045,Troubleshoot the SD-WAN link instability for site-to-site tunnels,Network,"Checklist for client version, profile corruption, tunnel logs, and gateway failover validation for the SD-WAN link for site-to-site tunnels."
KB-200046,Troubleshoot the SD-WAN link instability during peak business hours,Network,"Checklist for client version, profile corruption, tunnel logs, and gateway failover validation for the SD-WAN link during peak business hours."
KB-200047,Troubleshoot the SD-WAN link instability for VIP users,Network,"Checklist for client version, profile corruption, tunnel logs, and gateway failover validation for the SD-WAN link for VIP users."
KB-200048,Troubleshoot the SD-WAN link instability after an ISP failover,Network,"Checklist for client version, profile corruption, tunnel logs, and gateway failover validation for the SD-WAN link after an ISP failover."
KB-200049,Troubleshoot the SD-WAN link instability on guest networks,Network,"Checklist for client version, profile corruption, tunnel logs, and gateway failover validation for the SD-WAN link on guest networks."
KB-200050,Troubleshoot the SD-WAN link instability for VoIP traffic,Network,"Checklist for client version, profile corruption, tunnel logs, and gateway failover validation for the SD-WAN link for VoIP traffic."
KB-200051,Troubleshoot the SD-WAN link instability after a configuration change,Network,"Checklist for client version, profile corruption, tunnel logs, and gateway failover validation for the SD-WAN link after a configuration change."
KB-200052,Troubleshoot the SD-WAN link instability for multi-site deployments,Network,"Checklist for client version, profile corruption, tunnel logs, and gateway failover validation for the SD-WAN link for multi-site deployments."
KB-200053,Troubleshoot the SD-WAN link instability on legacy hardware,Network,"Checklist for client version, profile corruption, tunnel logs, and gateway failover validation for the SD-WAN link on legacy hardware."
KB-200054,Troubleshoot the SD-WAN link instability after a provider outage,Network,"Checklist for client version, profile corruption, tunnel logs, and gateway failover validation for the SD-WAN link after a provider outage."
KB-200055,Troubleshoot the SD-WAN link instability for high-availability pairs,Network,"Checklist for client version, profile corruption, tunnel logs, and gateway failover validation for the SD-WAN link for high-availability pairs."
KB-200056,Troubleshoot the SD-WAN link instability during a planned migration,Network,"Checklist for client version, profile corruption, tunnel logs, and gateway failover validation for the SD-WAN link during a planned migration."
KB-200057,Troubleshoot the SD-WAN link instability for satellite offices,Network,"Checklist for client version, profile corruption, tunnel logs, and gateway failover validation for the SD-WAN link for satellite offices."
KB-200058,Troubleshoot the SD-WAN link instability on encrypted tunnels,Network,"Checklist for client version, profile corruption, tunnel logs, and gateway failover validation for the SD-WAN link on encrypted tunnels."
KB-200059,Troubleshoot the SD-WAN link instability for contractor VPN access,Network,"Checklist for client version, profile corruption, tunnel logs, and gateway failover validation for the SD-WAN link for contractor VPN access."
KB-200060,Troubleshoot the SD-WAN link instability after a certificate authority change,Network,"Checklist for client version, profile corruption, tunnel logs, and gateway failover validation for the SD-WAN link after a certificate authority change."
KB-200061,Troubleshoot the office WiFi instability for remote offices,Network,"Checklist for client version, profile corruption, tunnel logs, and gateway failover validation for the office WiFi for remote offices."
KB-200062,Troubleshoot the office WiFi instability for branch locations,Network,"Checklist for client version, profile corruption, tunnel logs, and gateway failover validation for the office WiFi for branch locations."
KB-200063,Troubleshoot the office WiFi instability on mobile clients,Network,"Checklist for client version, profile corruption, tunnel logs, and gateway failover validation for the office WiFi on mobile clients."
KB-200064,Troubleshoot the office WiFi instability after a firmware update,Network,"Checklist for client version, profile corruption, tunnel logs, and gateway failover validation for the office WiFi after a firmware update."
KB-200065,Troubleshoot the office WiFi instability for site-to-site tunnels,Network,"Checklist for client version, profile corruption, tunnel logs, and gateway failover validation for the office WiFi for site-to-site tunnels."
KB-200066,Troubleshoot the office WiFi instability during peak business hours,Network,"Checklist for client version, profile corruption, tunnel logs, and gateway failover validation for the office WiFi during peak business hours."
KB-200067,Troubleshoot the office WiFi instability for VIP users,Network,"Checklist for client version, profile corruption, tunnel logs, and gateway failover validation for the office WiFi for VIP users."
KB-200068,Troubleshoot the office WiFi instability after an ISP failover,Network,"Checklist for client version, profile corruption, tunnel logs, and gateway failover validation for the office WiFi after an ISP failover."
KB-200069,Troubleshoot the office WiFi instability on guest networks,Network,"Checklist for client version, profile corruption, tunnel logs, and gateway failover validation for the office WiFi on guest networks."
KB-200070,Troubleshoot the office WiFi instability for VoIP traffic,Network,"Checklist for client version, profile corruption, tunnel logs, and gateway failover validation for the office WiFi for VoIP traffic."
KB-200071,Troubleshoot the office WiFi instability after a configuration change,Network,"Checklist for client version, profile corruption, tunnel logs, and gateway failover validation for the office WiFi after a configuration change."
KB-200072,Troubleshoot the office WiFi instability for multi-site deployments,Network,"Checklist for client version, profile corruption, tunnel logs, and gateway failover validation for the office WiFi for multi-site deployments."
KB-200073,Troubleshoot the office WiFi instability on legacy hardware,Network,"Checklist for client version, profile corruption, tunnel logs, and gateway failover validation for the office WiFi on legacy hardware."
KB-200074,Troubleshoot the office WiFi instability after a provider outage,Network,"Checklist for client version, profile corruption, tunnel logs, and gateway failover validation for the office WiFi after a provider outage."
KB-200075,Troubleshoot the office WiFi instability for high-availability pairs,Network,"Checklist for client version, profile corruption, tunnel logs, and gateway failover validation for the office WiFi for high-availability pairs."
KB-200076,Troubleshoot the office WiFi instability during a planned migration,Network,"Checklist for client version, profile corruption, tunnel logs, and gateway failover validation for the office WiFi during a planned migration."
KB-200077,Troubleshoot the office WiFi instability for satellite offices,Network,"Checklist for client version, profile corruption, tunnel logs, and gateway failover validation for the office WiFi for satellite offices."
KB-200078,Troubleshoot the office WiFi instability on encrypted tunnels,Network,"Checklist for client version, profile corruption, tunnel logs, and gateway failover validation for the office WiFi on encrypted tunnels."
KB-200079,Troubleshoot the office WiFi instability for contractor VPN access,Network,"Checklist for client version, profile corruption, tunnel logs, and gateway failover validation for the office WiFi for contractor VPN access."
KB-200080,Troubleshoot the office WiFi instability after a certificate authority change,Network,"Checklist for client version, profile corruption, tunnel logs, and gateway failover validation for the office WiFi after a certificate authority change."
KB-200081,Troubleshoot the branch office firewall instability for remote offices,Network,"Checklist for client version, profile corruption, tunnel logs, and gateway failover validation for the branch office firewall for remote offices."
KB-200082,Troubleshoot the branch office firewall instability for branch locations,Network,"Checklist for client version, profile corruption, tunnel logs, and gateway failover validation for the branch office firewall for branch locations."
KB-200083,Troubleshoot the branch office firewall instability on mobile clients,Network,"Checklist for client version, profile corruption, tunnel logs, and gateway failover validation for the branch office firewall on mobile clients."
KB-200084,Troubleshoot the branch office firewall instability after a firmware update,Network,"Checklist for client version, profile corruption, tunnel logs, and gateway failover validation for the branch office firewall after a firmware update."
KB-200085,Troubleshoot the branch office firewall instability for site-to-site tunnels,Network,"Checklist for client version, profile corruption, tunnel logs, and gateway failover validation for the branch office firewall for site-to-site tunnels."
KB-200086,Troubleshoot the branch office firewall instability during peak business hours,Network,"Checklist for client version, profile corruption, tunnel logs, and gateway failover validation for the branch office firewall during peak business hours."
KB-200087,Troubleshoot the branch office firewall instability for VIP users,Network,"Checklist for client version, profile corruption, tunnel logs, and gateway failover validation for the branch office firewall for VIP users."
KB-200088,Troubleshoot the branch office firewall instability after an ISP failover,Network,"Checklist for client version, profile corruption, tunnel logs, and gateway failover validation for the branch office firewall after an ISP failover."
KB-200089,Troubleshoot the branch office firewall instability on guest networks,Network,"Checklist for client version, profile corruption, tunnel logs, and gateway failover validation for the branch office firewall on guest networks."
KB-200090,Troubleshoot the branch office firewall instability for VoIP traffic,Network,"Checklist for client version, profile corruption, tunnel logs, and gateway failover validation for the branch office firewall for VoIP traffic."
KB-200091,Troubleshoot the branch office firewall instability after a configuration change,Network,"Checklist for client version, profile corruption, tunnel logs, and gateway failover validation for the branch office firewall after a configuration change."
KB-200092,Troubleshoot the branch office firewall instability for multi-site deployments,Network,"Checklist for client version, profile corruption, tunnel logs, and gateway failover validation for the branch office firewall for multi-site deployments."
KB-200093,Troubleshoot the branch office firewall instability on legacy hardware,Network,"Checklist for client version, profile corruption, tunnel logs, and gateway failover validation for the branch office firewall on legacy hardware."
KB-200094,Troubleshoot the branch office firewall instability after a provider outage,Network,"Checklist for client version, profile corruption, tunnel logs, and gateway failover validation for the branch office firewall after a provider outage."
KB-200095,Troubleshoot the branch office firewall instability for high-availability pairs,Network,"Checklist for client version, profile corruption, tunnel logs, and gateway failover validation for the branch office firewall for high-availability pairs."
KB-200096,Troubleshoot the branch office firewall instability during a planned migration,Network,"Checklist for client version, profile corruption, tunnel logs, and gateway failover validation for the branch office firewall during a planned migration."
KB-200097,Troubleshoot the branch office firewall instability for satellite offices,Network,"Checklist for client version, profile corruption, tunnel logs, and gateway failover validation for the branch office firewall for satellite offices."
KB-200098,Troubleshoot the branch office firewall instability on encrypted tunnels,Network,"Checklist for client version, profile corruption, tunnel logs, and gateway failover validation for the branch office firewall on encrypted tunnels."
KB-200099,Troubleshoot the branch office firewall instability for contractor VPN access,Network,"Checklist for client version, profile corruption, tunnel logs, and gateway failover validation for the branch office firewall for contractor VPN access."
KB-200100,Troubleshoot the branch office firewall instability after a certificate authority change,Network,"Checklist for client version, profile corruption, tunnel logs, and gateway failover validation for the branch office firewall after a certificate authority change."
KB-200101,Troubleshoot the VPN gateway instability for remote offices,Network,"Checklist for client version, profile corruption, tunnel logs, and gateway failover validation for the VPN gateway for remote offices."
KB-200102,Troubleshoot the VPN gateway instability for branch locations,Network,"Checklist for client version, profile corruption, tunnel logs, and gateway failover validation for the VPN gateway for branch locations."
KB-200103,Troubleshoot the VPN gateway instability on mobile clients,Network,"Checklist for client version, profile corruption, tunnel logs, and gateway failover validation for the VPN gateway on mobile clients."
KB-200104,Troubleshoot the VPN gateway instability after a firmware update,Network,"Checklist for client version, profile corruption, tunnel logs, and gateway failover validation for the VPN gateway after a firmware update."
KB-200105,Troubleshoot the VPN gateway instability for site-to-site tunnels,Network,"Checklist for client version, profile corruption, tunnel logs, and gateway failover validation for the VPN gateway for site-to-site tunnels."
KB-200106,Troubleshoot the VPN gateway instability during peak business hours,Network,"Checklist for client version, profile corruption, tunnel logs, and gateway failover validation for the VPN gateway during peak business hours."
KB-200107,Troubleshoot the VPN gateway instability for VIP users,Network,"Checklist for client version, profile corruption, tunnel logs, and gateway failover validation for the VPN gateway for VIP users."
KB-200108,Troubleshoot the VPN gateway instability after an ISP failover,Network,"Checklist for client version, profile corruption, tunnel logs, and gateway failover validation for the VPN gateway after an ISP failover."
KB-200109,Troubleshoot the VPN gateway instability on guest networks,Network,"Checklist for client version, profile corruption, tunnel logs, and gateway failover validation for the VPN gateway on guest networks."
KB-200110,Troubleshoot the VPN gateway instability for VoIP traffic,Network,"Checklist for client version, profile corruption, tunnel logs, and gateway failover validation for the VPN gateway for VoIP traffic."
KB-200111,Troubleshoot the VPN gateway instability after a configuration change,Network,"Checklist for client version, profile corruption, tunnel logs, and gateway failover validation for the VPN gateway after a configuration change."
KB-200112,Troubleshoot the VPN gateway instability for multi-site deployments,Network,"Checklist for client version, profile corruption, tunnel logs, and gateway failover validation for the VPN gateway for multi-site deployments."
KB-200113,Troubleshoot the VPN gateway instability on legacy hardware,Network,"Checklist for client version, profile corruption, tunnel logs, and gateway failover validation for the VPN gateway on legacy hardware."
KB-200114,Troubleshoot the VPN gateway instability after a provider outage,Network,"Checklist for client version, profile corruption, tunnel logs, and gateway failover validation for the VPN gateway after a provider outage."
KB-200115,Troubleshoot the VPN gateway instability for high-availability pairs,Network,"Checklist for client version, profile corruption, tunnel logs, and gateway failover validation for the VPN gateway for high-availability pairs."
KB-200116,Troubleshoot the VPN gateway instability during a planned migration,Network,"Checklist for client version, profile corruption, tunnel logs, and gateway failover validation for the VPN gateway during a planned migration."
KB-200117,Troubleshoot the VPN gateway instability for satellite offices,Network,"Checklist for client version, profile corruption, tunnel logs, and gateway failover validation for the VPN gateway for satellite offices."
KB-200118,Troubleshoot the VPN gateway instability on encrypted tunnels,Network,"Checklist for client version, profile corruption, tunnel logs, and gateway failover validation for the VPN gateway on encrypted tunnels."
KB-200119,Troubleshoot the VPN gateway instability for contractor VPN access,Network,"Checklist for client version, profile corruption, tunnel logs, and gateway failover validation for the VPN gateway for contractor VPN access."
KB-200120,Troubleshoot the VPN gateway instability after a certificate authority change,Network,"Checklist for client version, profile corruption, tunnel logs, and gateway failover validation for the VPN gateway after a certificate authority change."
KB-200121,Troubleshoot the load balancer instability for remote offices,Network,"Checklist for client version, profile corruption, tunnel logs, and gateway failover validation for the load balancer for remote offices."
KB-200122,Troubleshoot the load balancer instability for branch locations,Network,"Checklist for client version, profile corruption, tunnel logs, and gateway failover validation for the load balancer for branch locations."
KB-200123,Troubleshoot the load balancer instability on mobile clients,Network,"Checklist for client version, profile corruption, tunnel logs, and gateway failover validation for the load balancer on mobile clients."
KB-200124,Troubleshoot the load balancer instability after a firmware update,Network,"Checklist for client version, profile corruption, tunnel logs, and gateway failover validation for the load balancer after a firmware update."
KB-200125,Troubleshoot the load balancer instability for site-to-site tunnels,Network,"Checklist for client version, profile corruption, tunnel logs, and gateway failover validation for the load balancer for site-to-site tunnels."
KB-200126,Troubleshoot the load balancer instability during peak business hours,Network,"Checklist for client version, profile corruption, tunnel logs, and gateway failover validation for the load balancer during peak business hours."
KB-200127,Troubleshoot the load balancer instability for VIP users,Network,"Checklist for client version, profile corruption, tunnel logs, and gateway failover validation for the load balancer for VIP users."
KB-200128,Troubleshoot the load balancer instability after an ISP failover,Network,"Checklist for client version, profile corruption, tunnel logs, and gateway failover validation for the load balancer after an ISP failover."
KB-200129,Troubleshoot the load balancer instability on guest networks,Network,"Checklist for client version, profile corruption, tunnel logs, and gateway failover validation for the load balancer on guest networks."
KB-200130,Troubleshoot the load balancer instability for VoIP traffic,Network,"Checklist for client version, profile corruption, tunnel logs, and gateway failover validation for the load balancer for VoIP traffic."
KB-200131,Troubleshoot the load balancer instability after a configuration change,Network,"Checklist for client version, profile corruption, tunnel logs, and gateway failover validation for the load balancer after a configuration change."
KB-200132,Troubleshoot the load balancer instability for multi-site deployments,Network,"Checklist for client version, profile corruption, tunnel logs, and gateway failover validation for the load balancer for multi-site deployments."
KB-200133,Troubleshoot the load balancer instability on legacy hardware,Network,"Checklist for client version, profile corruption, tunnel logs, and gateway failover validation for the load balancer on legacy hardware."
KB-200134,Troubleshoot the load balancer instability after a provider outage,Network,"Checklist for client version, profile corruption, tunnel logs, and gateway failover validation for the load balancer after a provider outage."
KB-200135,Troubleshoot the load balancer instability for high-availability pairs,Network,"Checklist for client version, profile corruption, tunnel logs, and gateway failover validation for the load balancer for high-availability pairs."
KB-200136,Troubleshoot the load balancer instability during a planned migration,Network,"Checklist for client version, profile corruption, tunnel logs, and gateway failover validation for the load balancer during a planned migration."
KB-200137,Troubleshoot the load balancer instability for satellite offices,Network,"Checklist for client version, profile corruption, tunnel logs, and gateway failover validation for the load balancer for satellite offices."
KB-200138,Troubleshoot the load balancer instability on encrypted tunnels,Network,"Checklist for client version, profile corruption, tunnel logs, and gateway failover validation for the load balancer on encrypted tunnels."
KB-200139,Troubleshoot the load balancer instability for contractor VPN access,Network,"Checklist for client version, profile corruption, tunnel logs, and gateway failover validation for the load balancer for contractor VPN access."
KB-200140,Troubleshoot the load balancer instability after a certificate authority change,Network,"Checklist for client version, profile corruption, tunnel logs, and gateway failover validation for the load balancer after a certificate authority change."
KB-200141,Troubleshoot the DNS resolver instability for remote offices,Network,"Checklist for client version, profile corruption, tunnel logs, and gateway failover validation for the DNS resolver for remote offices."
KB-200142,Troubleshoot the DNS resolver instability for branch locations,Network,"Checklist for client version, profile corruption, tunnel logs, and gateway failover validation for the DNS resolver for branch locations."
KB-200143,Troubleshoot the DNS resolver instability on mobile clients,Network,"Checklist for client version, profile corruption, tunnel logs, and gateway failover validation for the DNS resolver on mobile clients."
KB-200144,Troubleshoot the DNS resolver instability after a firmware update,Network,"Checklist for client version, profile corruption, tunnel logs, and gateway failover validation for the DNS resolver after a firmware update."
KB-200145,Troubleshoot the DNS resolver instability for site-to-site tunnels,Network,"Checklist for client version, profile corruption, tunnel logs, and gateway failover validation for the DNS resolver for site-to-site tunnels."
KB-200146,Troubleshoot the DNS resolver instability during peak business hours,Network,"Checklist for client version, profile corruption, tunnel logs, and gateway failover validation for the DNS resolver during peak business hours."
KB-200147,Troubleshoot the DNS resolver instability for VIP users,Network,"Checklist for client version, profile corruption, tunnel logs, and gateway failover validation for the DNS resolver for VIP users."
KB-200148,Troubleshoot the DNS resolver instability after an ISP failover,Network,"Checklist for client version, profile corruption, tunnel logs, and gateway failover validation for the DNS resolver after an ISP failover."
KB-200149,Troubleshoot the DNS resolver instability on guest networks,Network,"Checklist for client version, profile corruption, tunnel logs, and gateway failover validation for the DNS resolver on guest networks."
KB-200150,Troubleshoot the DNS resolver instability for VoIP traffic,Network,"Checklist for client version, profile corruption, tunnel logs, and gateway failover validation for the DNS resolver for VoIP traffic."
KB-200151,Troubleshoot the DNS resolver instability after a configuration change,Network,"Checklist for client version, profile corruption, tunnel logs, and gateway failover validation for the DNS resolver after a configuration change."
KB-200152,Troubleshoot the DNS resolver instability for multi-site deployments,Network,"Checklist for client version, profile corruption, tunnel logs, and gateway failover validation for the DNS resolver for multi-site deployments."
KB-200153,Troubleshoot the DNS resolver instability on legacy hardware,Network,"Checklist for client version, profile corruption, tunnel logs, and gateway failover validation for the DNS resolver on legacy hardware."
KB-200154,Troubleshoot the DNS resolver instability after a provider outage,Network,"Checklist for client version, profile corruption, tunnel logs, and gateway failover validation for the DNS resolver after a provider outage."
KB-200155,Troubleshoot the DNS resolver instability for high-availability pairs,Network,"Checklist for client version, profile corruption, tunnel logs, and gateway failover validation for the DNS resolver for high-availability pairs."
KB-200156,Troubleshoot the DNS resolver instability during a planned migration,Network,"Checklist for client version, profile corruption, tunnel logs, and gateway failover validation for the DNS resolver during a planned migration."
KB-200157,Troubleshoot the DNS resolver instability for satellite offices,Network,"Checklist for client version, profile corruption, tunnel logs, and gateway failover validation for the DNS resolver for satellite offices."
KB-200158,Troubleshoot the DNS resolver instability on encrypted tunnels,Network,"Checklist for client version, profile corruption, tunnel logs, and gateway failover validation for the DNS resolver on encrypted tunnels."
KB-200159,Troubleshoot the DNS resolver instability for contractor VPN access,Network,"Checklist for client version, profile corruption, tunnel logs, and gateway failover validation for the DNS resolver for contractor VPN access."
KB-200160,Troubleshoot the DNS resolver instability after a certificate authority change,Network,"Checklist for client version, profile corruption, tunnel logs, and gateway failover validation for the DNS resolver after a certificate authority change."
KB-200161,Troubleshoot the proxy server instability for remote offices,Network,"Checklist for client version, profile corruption, tunnel logs, and gateway failover validation for the proxy server for remote offices."
KB-200162,Troubleshoot the proxy server instability for branch locations,Network,"Checklist for client version, profile corruption, tunnel logs, and gateway failover validation for the proxy server for branch locations."
KB-200163,Troubleshoot the proxy server instability on mobile clients,Network,"Checklist for client version, profile corruption, tunnel logs, and gateway failover validation for the proxy server on mobile clients."
KB-200164,Troubleshoot the proxy server instability after a firmware update,Network,"Checklist for client version, profile corruption, tunnel logs, and gateway failover validation for the proxy server after a firmware update."
KB-200165,Troubleshoot the proxy server instability for site-to-site tunnels,Network,"Checklist for client version, profile corruption, tunnel logs, and gateway failover validation for the proxy server for site-to-site tunnels."
KB-200166,Troubleshoot the proxy server instability during peak business hours,Network,"Checklist for client version, profile corruption, tunnel logs, and gateway failover validation for the proxy server during peak business hours."
KB-200167,Troubleshoot the proxy server instability for VIP users,Network,"Checklist for client version, profile corruption, tunnel logs, and gateway failover validation for the proxy server for VIP users."
KB-200168,Troubleshoot the proxy server instability after an ISP failover,Network,"Checklist for client version, profile corruption, tunnel logs, and gateway failover validation for the proxy server after an ISP failover."
KB-200169,Troubleshoot the proxy server instability on guest networks,Network,"Checklist for client version, profile corruption, tunnel logs, and gateway failover validation for the proxy server on guest networks."
KB-200170,Troubleshoot the proxy server instability for VoIP traffic,Network,"Checklist for client version, profile corruption, tunnel logs, and gateway failover validation for the proxy server for VoIP traffic."
KB-200171,Troubleshoot the proxy server instability after a configuration change,Network,"Checklist for client version, profile corruption, tunnel logs, and gateway failover validation for the proxy server after a configuration change."
KB-200172,Troubleshoot the proxy server instability for multi-site deployments,Network,"Checklist for client version, profile corruption, tunnel logs, and gateway failover validation for the proxy server for multi-site deployments."
KB-200173,Troubleshoot the proxy server instability on legacy hardware,Network,"Checklist for client version, profile corruption, tunnel logs, and gateway failover validation for the proxy server on legacy hardware."
KB-200174,Troubleshoot the proxy server instability after a provider outage,Network,"Checklist for client version, profile corruption, tunnel logs, and gateway failover validation for the proxy server after a provider outage."
KB-200175,Troubleshoot the proxy server instability for high-availability pairs,Network,"Checklist for client version, profile corruption, tunnel logs, and gateway failover validation for the proxy server for high-availability pairs."
KB-200176,Troubleshoot the proxy server instability during a planned migration,Network,"Checklist for client version, profile corruption, tunnel logs, and gateway failover validation for the proxy server during a planned migration."
KB-200177,Troubleshoot the proxy server instability for satellite offices,Network,"Checklist for client version, profile corruption, tunnel logs, and gateway failover validation for the proxy server for satellite offices."
KB-200178,Troubleshoot the proxy server instability on encrypted tunnels,Network,"Checklist for client version, profile corruption, tunnel logs, and gateway failover validation for the proxy server on encrypted tunnels."
KB-200179,Troubleshoot the proxy server instability for contractor VPN access,Network,"Checklist for client version, profile corruption, tunnel logs, and gateway failover validation for the proxy server for contractor VPN access."
KB-200180,Troubleshoot the proxy server instability after a certificate authority change,Network,"Checklist for client version, profile corruption, tunnel logs, and gateway failover validation for the proxy server after a certificate authority change."
KB-200181,Troubleshoot the MPLS circuit instability for remote offices,Network,"Checklist for client version, profile corruption, tunnel logs, and gateway failover validation for the MPLS circuit for remote offices."
KB-200182,Troubleshoot the MPLS circuit instability for branch locations,Network,"Checklist for client version, profile corruption, tunnel logs, and gateway failover validation for the MPLS circuit for branch locations."
KB-200183,Troubleshoot the MPLS circuit instability on mobile clients,Network,"Checklist for client version, profile corruption, tunnel logs, and gateway failover validation for the MPLS circuit on mobile clients."
KB-200184,Troubleshoot the MPLS circuit instability after a firmware update,Network,"Checklist for client version, profile corruption, tunnel logs, and gateway failover validation for the MPLS circuit after a firmware update."
KB-200185,Troubleshoot the MPLS circuit instability for site-to-site tunnels,Network,"Checklist for client version, profile corruption, tunnel logs, and gateway failover validation for the MPLS circuit for site-to-site tunnels."
KB-200186,Troubleshoot the MPLS circuit instability during peak business hours,Network,"Checklist for client version, profile corruption, tunnel logs, and gateway failover validation for the MPLS circuit during peak business hours."
KB-200187,Troubleshoot the MPLS circuit instability for VIP users,Network,"Checklist for client version, profile corruption, tunnel logs, and gateway failover validation for the MPLS circuit for VIP users."
KB-200188,Troubleshoot the MPLS circuit instability after an ISP failover,Network,"Checklist for client version, profile corruption, tunnel logs, and gateway failover validation for the MPLS circuit after an ISP failover."
KB-200189,Troubleshoot the MPLS circuit instability on guest networks,Network,"Checklist for client version, profile corruption, tunnel logs, and gateway failover validation for the MPLS circuit on guest networks."
KB-200190,Troubleshoot the MPLS circuit instability for VoIP traffic,Network,"Checklist for client version, profile corruption, tunnel logs, and gateway failover validation for the MPLS circuit for VoIP traffic."
KB-200191,Troubleshoot the MPLS circuit instability after a configuration change,Network,"Checklist for client version, profile corruption, tunnel logs, and gateway failover validation for the MPLS circuit after a configuration change."
KB-200192,Troubleshoot the MPLS circuit instability for multi-site deployments,Network,"Checklist for client version, profile corruption, tunnel logs, and gateway failover validation for the MPLS circuit for multi-site deployments."
KB-200193,Troubleshoot the MPLS circuit instability on legacy hardware,Network,"Checklist for client version, profile corruption, tunnel logs, and gateway failover validation for the MPLS circuit on legacy hardware."
KB-200194,Troubleshoot the MPLS circuit instability after a provider outage,Network,"Checklist for client version, profile corruption, tunnel logs, and gateway failover validation for the MPLS circuit after a provider outage."
KB-200195,Troubleshoot the MPLS circuit instability for high-availability pairs,Network,"Checklist for client version, profile corruption, tunnel logs, and gateway failover validation for the MPLS circuit for high-availability pairs."
KB-200196,Troubleshoot the MPLS circuit instability during a planned migration,Network,"Checklist for client version, profile corruption, tunnel logs, and gateway failover validation for the MPLS circuit during a planned migration."
KB-200197,Troubleshoot the MPLS circuit instability for satellite offices,Network,"Checklist for client version, profile corruption, tunnel logs, and gateway failover validation for the MPLS circuit for satellite offices."
KB-200198,Troubleshoot the MPLS circuit instability on encrypted tunnels,Network,"Checklist for client version, profile corruption, tunnel logs, and gateway failover validation for the MPLS circuit on encrypted tunnels."
